signal,angle,granularity,bench,auroc_correct,auroc_noharm,spearman_cont
drift_l@4,geometry,per_layer,hotpot_qa,0.6094,0.5249,0.0235
ll_entropy_w_l@29,confidence,per_layer,hotpot_qa,0.4630,0.5791,-0.0671
ll_argmax_agree_final_l@32,agreement,per_layer,hotpot_qa,0.5231,0.4760,0.0852
ll_conf_w_l@4,confidence,per_layer,hotpot_qa,0.5107,0.4846,0.0419
ll_argmax_agree_final_l@22,agreement,per_layer,hotpot_qa,0.5017,0.4936,0.1111
drift_l@6,geometry,per_layer,hotpot_qa,0.6004,0.5026,0.0176
ll_margin_w_l@15,confidence,per_layer,hotpot_qa,0.4607,0.5077,-0.0177
ll_argmax_agree_final_l@9,agreement,per_layer,hotpot_qa,0.5000,0.5000,
ll_argmax_agree_final_l@35,agreement,per_layer,hotpot_qa,0.5399,0.4924,0.0433
ll_kl_wb_l@15,divergence,per_layer,hotpot_qa,0.4617,0.4193,-0.0470
ll_kl_wb_l::max,divergence,derived,hotpot_qa,0.4188,0.4186,-0.0655
ll_entropy_w_l@15,confidence,per_layer,hotpot_qa,0.4935,0.4834,0.0179
drift_l@27,geometry,per_layer,hotpot_qa,0.3914,0.3942,-0.0940
ll_entropy_w_l@16,confidence,per_layer,hotpot_qa,0.3997,0.4196,-0.0418
ll_entropy_w_l@14,confidence,per_layer,hotpot_qa,0.4503,0.5284,-0.0368
ll_margin_w_l@20,confidence,per_layer,hotpot_qa,0.4896,0.4291,0.0063
ll_conf_w_l@10,confidence,per_layer,hotpot_qa,0.5852,0.5413,0.0335
ll_kl_wb_l@0,divergence,per_layer,hotpot_qa,0.5000,0.5000,
ll_conf_w_l::slope,confidence,derived,hotpot_qa,0.6095,0.4190,0.1650
ll_conf_w_l@22,confidence,per_layer,hotpot_qa,0.5266,0.4199,0.1160
ll_conf_w_l@30,confidence,per_layer,hotpot_qa,0.5167,0.4667,0.0098
ll_margin_w_l@0,confidence,per_layer,hotpot_qa,0.5000,0.5000,
ll_margin_w_l@6,confidence,per_layer,hotpot_qa,0.4766,0.4700,0.0160
ll_entropy_w_l::late,confidence,derived,hotpot_qa,0.3754,0.5886,-0.1932
drift_l@7,geometry,per_layer,hotpot_qa,0.6017,0.5053,0.0234
slot_norm_max,geometry,scalar,hotpot_qa,0.5229,0.5492,-0.0329
ll_entropy_w_l@6,confidence,per_layer,hotpot_qa,0.5305,0.4748,0.0176
ll_argmax_agree_final_l@16,agreement,per_layer,hotpot_qa,0.5000,0.5000,
ll_conf_w_l@12,confidence,per_layer,hotpot_qa,0.4867,0.4425,0.0116
ll_margin_w_l@17,confidence,per_layer,hotpot_qa,0.5131,0.5065,0.0428
ll_entropy_w_l@1,confidence,per_layer,hotpot_qa,0.4416,0.5066,-0.0089
drift_l@1,geometry,per_layer,hotpot_qa,0.6117,0.5557,0.0151
kl_w0,divergence,scalar,hotpot_qa,0.3348,0.3825,-0.1450
drift_l@28,geometry,per_layer,hotpot_qa,0.3859,0.3966,-0.0993
ll_margin_w_l@10,confidence,per_layer,hotpot_qa,0.5497,0.5503,0.0043
ll_argmax_agree_final_l@11,agreement,per_layer,hotpot_qa,0.5000,0.5000,
ll_argmax_agree_final_l@21,agreement,per_layer,hotpot_qa,0.5026,0.4926,0.1195
ll_kl_wb_l@36,divergence,per_layer,hotpot_qa,0.3855,0.4375,-0.0925
ll_kl_wb_l@13,divergence,per_layer,hotpot_qa,0.4710,0.4256,-0.0407
ll_argmax_agree_final_l@33,agreement,per_layer,hotpot_qa,0.5326,0.4875,0.0981
ll_margin_w_l@9,confidence,per_layer,hotpot_qa,0.4419,0.4666,-0.0668
ll_argmax_agree_final_l@34,agreement,per_layer,hotpot_qa,0.5457,0.4637,0.1210
ll_kl_wb_l::early,divergence,derived,hotpot_qa,0.5696,0.4642,0.0220
ll_kl_wb_l@7,divergence,per_layer,hotpot_qa,0.6171,0.5137,0.0347
drift_l@30,geometry,per_layer,hotpot_qa,0.3704,0.4032,-0.1271
ll_margin_w_l@35,confidence,per_layer,hotpot_qa,0.5610,0.4442,0.1343
delta_last,geometry,scalar,hotpot_qa,0.5339,0.5469,-0.0191
ll_margin_w_l@24,confidence,per_layer,hotpot_qa,0.5117,0.4480,0.0917
ll_margin_w_l@28,confidence,per_layer,hotpot_qa,0.5135,0.4500,0.0086
ll_margin_w_l@13,confidence,per_layer,hotpot_qa,0.4856,0.4887,0.0174
drift_l@2,geometry,per_layer,hotpot_qa,0.6236,0.5545,0.0273
ll_margin_w_l::mean,confidence,derived,hotpot_qa,0.5964,0.4272,0.1558
ll_margin_w_l::max,confidence,derived,hotpot_qa,0.5921,0.4589,0.1250
ll_conf_w_l@20,confidence,per_layer,hotpot_qa,0.4775,0.4237,-0.0094
drift_l::min,geometry,derived,hotpot_qa,0.5000,0.5000,
drift_l@31,geometry,per_layer,hotpot_qa,0.3542,0.4165,-0.1399
ll_margin_w_l@5,confidence,per_layer,hotpot_qa,0.4874,0.5038,-0.0308
ll_kl_wb_l@34,divergence,per_layer,hotpot_qa,0.3107,0.4410,-0.2103
ll_argmax_agree_final_l@26,agreement,per_layer,hotpot_qa,0.4818,0.4963,-0.0477
drift_l@3,geometry,per_layer,hotpot_qa,0.6081,0.5297,0.0219
ll_argmax_agree_final_l@20,agreement,per_layer,hotpot_qa,0.5035,0.5005,0.0535
ll_margin_w_l@33,confidence,per_layer,hotpot_qa,0.5732,0.4648,0.1154
span_entropy_mean,confidence,scalar,hotpot_qa,0.3395,0.5570,-0.2029
ll_margin_w_l::mid,confidence,derived,hotpot_qa,0.5552,0.4512,0.1406
seq_logprob,confidence,scalar,hotpot_qa,0.7316,0.4986,0.1890
ll_kl_wb_l@2,divergence,per_layer,hotpot_qa,0.5983,0.5462,0.0004
ll_conf_w_l@6,confidence,per_layer,hotpot_qa,0.4690,0.4872,0.0032
ll_kl_wb_l@19,divergence,per_layer,hotpot_qa,0.4194,0.4126,-0.0672
ll_argmax_agree_final_l@13,agreement,per_layer,hotpot_qa,0.5000,0.5000,
drift_l@11,geometry,per_layer,hotpot_qa,0.5004,0.4222,0.0037
drift_l@10,geometry,per_layer,hotpot_qa,0.5638,0.4572,0.0155
ll_entropy_w_l@8,confidence,per_layer,hotpot_qa,0.3961,0.4517,-0.0054
drift_l@29,geometry,per_layer,hotpot_qa,0.3763,0.3999,-0.1146
ll_entropy_w_l@32,confidence,per_layer,hotpot_qa,0.3863,0.5430,-0.1248
ll_argmax_agree_final_l@2,agreement,per_layer,hotpot_qa,0.5000,0.5000,
ll_kl_wb_l@17,divergence,per_layer,hotpot_qa,0.4308,0.4060,-0.0620
ll_conf_w_l::early,confidence,derived,hotpot_qa,0.5277,0.4811,0.0248
ll_conf_w_l@15,confidence,per_layer,hotpot_qa,0.4496,0.5045,-0.0449
ll_margin_w_l@11,confidence,per_layer,hotpot_qa,0.5176,0.4869,0.0463
ll_conf_w_l@18,confidence,per_layer,hotpot_qa,0.5400,0.5009,0.0899
ll_kl_wb_l::min,divergence,derived,hotpot_qa,0.5000,0.5000,
drift_l@0,geometry,per_layer,hotpot_qa,0.5000,0.5000,
ll_argmax_agree_final_l@1,agreement,per_layer,hotpot_qa,0.5000,0.5000,
entropy_0,confidence,scalar,hotpot_qa,0.2400,0.6277,-0.3736
ll_entropy_w_l::mean,confidence,derived,hotpot_qa,0.3701,0.5820,-0.2049
ll_entropy_w_l@35,confidence,per_layer,hotpot_qa,0.3577,0.5940,-0.2428
ll_entropy_w_l@17,confidence,per_layer,hotpot_qa,0.4226,0.4224,-0.0215
ll_margin_w_l::slope,confidence,derived,hotpot_qa,0.5921,0.4343,0.1248
ll_entropy_w_l@27,confidence,per_layer,hotpot_qa,0.4614,0.5582,-0.0860
ll_margin_w_l@22,confidence,per_layer,hotpot_qa,0.5015,0.4350,0.0853
ll_conf_w_l@5,confidence,per_layer,hotpot_qa,0.4779,0.5350,-0.0516
ll_entropy_w_l@10,confidence,per_layer,hotpot_qa,0.3864,0.4654,-0.0611
delta_mean,geometry,scalar,hotpot_qa,0.5322,0.5525,-0.0267
ll_argmax_agree_final_l@7,agreement,per_layer,hotpot_qa,0.5000,0.5000,
ll_argmax_agree_final_l@18,agreement,per_layer,hotpot_qa,0.5035,0.5005,0.0473
drift_l@16,geometry,per_layer,hotpot_qa,0.4195,0.3992,-0.0625
first_tok_agree,agreement,scalar,hotpot_qa,0.5626,0.5820,0.0867
span_entropy_min,confidence,scalar,hotpot_qa,0.5096,0.5581,-0.0502
ll_argmax_agree_final_l::mean,agreement,derived,hotpot_qa,0.5142,0.4710,0.0646
ll_margin_w_l::late,confidence,derived,hotpot_qa,0.5916,0.4335,0.1253
ll_argmax_agree_final_l@5,agreement,per_layer,hotpot_qa,0.5000,0.5000,
ll_conf_w_l@17,confidence,per_layer,hotpot_qa,0.5315,0.5507,0.0297
ll_kl_wb_l@21,divergence,per_layer,hotpot_qa,0.4054,0.4245,-0.0759
ll_argmax_agree_final_l@25,agreement,per_layer,hotpot_qa,0.4975,0.4896,0.0347
drift_l@35,geometry,per_layer,hotpot_qa,0.3682,0.4659,-0.1468
ll_argmax_agree_final_l::early,agreement,derived,hotpot_qa,0.5000,0.5000,
ll_margin_w_l@16,confidence,per_layer,hotpot_qa,0.5491,0.5449,0.0380
ll_argmax_agree_final_l@0,agreement,per_layer,hotpot_qa,0.5000,0.5000,
ll_conf_w_l::mean,confidence,derived,hotpot_qa,0.6206,0.4132,0.1966
ll_conf_w_l@35,confidence,per_layer,hotpot_qa,0.5892,0.4300,0.1810
ll_conf_w_l@25,confidence,per_layer,hotpot_qa,0.5569,0.4389,0.0894
ll_conf_w_l::max,confidence,derived,hotpot_qa,0.6095,0.4546,0.1434
perplexity,confidence,scalar,hotpot_qa,0.5367,0.5873,-0.0719
ll_conf_w_l@16,confidence,per_layer,hotpot_qa,0.5880,0.5598,0.0620
ll_conf_w_l@21,confidence,per_layer,hotpot_qa,0.5047,0.4472,0.0691
drift_l@21,geometry,per_layer,hotpot_qa,0.4109,0.3939,-0.0474
ll_kl_wb_l@5,divergence,per_layer,hotpot_qa,0.6012,0.4974,0.0228
ll_kl_wb_l@33,divergence,per_layer,hotpot_qa,0.3109,0.4410,-0.1824
ll_argmax_agree_final_l@30,agreement,per_layer,hotpot_qa,0.5005,0.4751,0.0006
ll_margin_w_l@25,confidence,per_layer,hotpot_qa,0.5485,0.4403,0.0541
ll_kl_wb_l@23,divergence,per_layer,hotpot_qa,0.4170,0.4281,-0.1122
ll_kl_wb_l@24,divergence,per_layer,hotpot_qa,0.4184,0.4579,-0.1159
drift_l::mid,geometry,derived,hotpot_qa,0.4111,0.3991,-0.0604
ll_argmax_agree_final_l@17,agreement,per_layer,hotpot_qa,0.5000,0.5000,
drift_l@23,geometry,per_layer,hotpot_qa,0.3996,0.3945,-0.0638
ll_conf_w_l@33,confidence,per_layer,hotpot_qa,0.6188,0.4469,0.1646
ll_kl_wb_l@28,divergence,per_layer,hotpot_qa,0.3822,0.4756,-0.1383
ll_entropy_w_l@21,confidence,per_layer,hotpot_qa,0.4893,0.5812,-0.0893
ll_entropy_w_l@3,confidence,per_layer,hotpot_qa,0.4901,0.4834,-0.0238
ll_argmax_agree_final_l::late,agreement,derived,hotpot_qa,0.5285,0.4697,0.0689
ll_kl_wb_l@29,divergence,per_layer,hotpot_qa,0.3618,0.4614,-0.1479
ll_conf_w_l@24,confidence,per_layer,hotpot_qa,0.5202,0.4424,0.1243
ll_kl_wb_l@20,divergence,per_layer,hotpot_qa,0.4033,0.4001,-0.0698
ll_conf_w_l@11,confidence,per_layer,hotpot_qa,0.5331,0.4881,0.0521
ll_entropy_w_l@2,confidence,per_layer,hotpot_qa,0.5124,0.5123,0.0138
ll_conf_w_l@27,confidence,per_layer,hotpot_qa,0.5018,0.4440,0.0450
ll_conf_w_l@28,confidence,per_layer,hotpot_qa,0.5171,0.4365,0.0436
ll_argmax_agree_final_l::mid,agreement,derived,hotpot_qa,0.4571,0.4905,0.0116
ll_kl_wb_l@18,divergence,per_layer,hotpot_qa,0.4212,0.4054,-0.0649
ll_margin_w_l@19,confidence,per_layer,hotpot_qa,0.5494,0.5038,0.0474
ll_argmax_agree_final_l@29,agreement,per_layer,hotpot_qa,0.4733,0.4859,-0.0146
q_chunk_max_cos,geometry,scalar,hotpot_qa,0.4535,0.5200,-0.0882
drift_l@5,geometry,per_layer,hotpot_qa,0.5979,0.4960,0.0218
ll_kl_wb_l@4,divergence,per_layer,hotpot_qa,0.6180,0.5313,0.0287
drift_l::slope,geometry,derived,hotpot_qa,0.3397,0.4540,-0.0964
ll_entropy_w_l::min,confidence,derived,hotpot_qa,0.3613,0.5601,-0.1790
drift_mem,geometry,scalar,hotpot_qa,0.5292,0.5510,-0.0260
q_chunk_mean_cos,geometry,scalar,hotpot_qa,0.5026,0.5060,-0.0136
ll_entropy_w_l::slope,confidence,derived,hotpot_qa,0.4098,0.5953,-0.1653
ll_kl_wb_l::mean,divergence,derived,hotpot_qa,0.4032,0.4158,-0.1121
span_conf_mean,confidence,scalar,hotpot_qa,0.6201,0.4591,0.1403
ll_entropy_w_l::mid,confidence,derived,hotpot_qa,0.4455,0.5698,-0.1474
ll_entropy_w_l@0,confidence,per_layer,hotpot_qa,0.5000,0.5000,
ll_argmax_agree_final_l::min,agreement,derived,hotpot_qa,0.5000,0.5000,
ll_kl_wb_l::mid,divergence,derived,hotpot_qa,0.4154,0.4117,-0.0819
ll_conf_w_l@7,confidence,per_layer,hotpot_qa,0.6449,0.5654,0.0884
ll_conf_w_l@34,confidence,per_layer,hotpot_qa,0.6333,0.4238,0.2027
ll_margin_w_l@34,confidence,per_layer,hotpot_qa,0.6042,0.4449,0.1619
drift_l@17,geometry,per_layer,hotpot_qa,0.4127,0.4008,-0.0712
ll_conf_w_l::min,confidence,derived,hotpot_qa,0.4822,0.5228,0.0070
ll_argmax_agree_final_l@4,agreement,per_layer,hotpot_qa,0.5000,0.5000,
margin_0,confidence,scalar,hotpot_qa,0.6721,0.4364,0.2514
ll_entropy_w_l@18,confidence,per_layer,hotpot_qa,0.4289,0.4774,-0.0862
drift_l@9,geometry,per_layer,hotpot_qa,0.5712,0.4616,0.0221
ll_conf_w_l@32,confidence,per_layer,hotpot_qa,0.5591,0.4628,0.0755
mem_influence_argmax_change,agreement,scalar,hotpot_qa,0.4454,0.4200,-0.0891
ll_argmax_agree_final_l@15,agreement,per_layer,hotpot_qa,0.5000,0.5000,
ll_kl_wb_l@26,divergence,per_layer,hotpot_qa,0.4331,0.4756,-0.1305
ll_margin_w_l@31,confidence,per_layer,hotpot_qa,0.5631,0.4936,0.0307
ll_entropy_w_l@7,confidence,per_layer,hotpot_qa,0.3549,0.4298,-0.0697
ll_margin_w_l@4,confidence,per_layer,hotpot_qa,0.5383,0.4955,0.0458
ll_conf_w_l@9,confidence,per_layer,hotpot_qa,0.4832,0.4803,-0.0397
drift_l::late,geometry,derived,hotpot_qa,0.3649,0.4130,-0.1285
ll_kl_wb_l@30,divergence,per_layer,hotpot_qa,0.3797,0.4368,-0.1175
ll_argmax_agree_final_l@3,agreement,per_layer,hotpot_qa,0.5000,0.5000,
ll_entropy_w_l@4,confidence,per_layer,hotpot_qa,0.4925,0.4960,-0.0204
ll_margin_w_l@30,confidence,per_layer,hotpot_qa,0.4933,0.4742,-0.0285
ll_kl_wb_l@35,divergence,per_layer,hotpot_qa,0.3286,0.4579,-0.1896
ll_margin_w_l::min,confidence,derived,hotpot_qa,0.5035,0.4987,0.0282
ll_entropy_w_l@22,confidence,per_layer,hotpot_qa,0.4480,0.5814,-0.1358
drift_l@18,geometry,per_layer,hotpot_qa,0.4047,0.3970,-0.0625
ll_kl_wb_l@16,divergence,per_layer,hotpot_qa,0.4436,0.4129,-0.0572
ll_margin_w_l::early,confidence,derived,hotpot_qa,0.5009,0.4762,0.0120
js_w0,divergence,scalar,hotpot_qa,0.3219,0.4063,-0.1835
ll_conf_w_l@26,confidence,per_layer,hotpot_qa,0.4973,0.4806,0.0429
ll_margin_w_l@32,confidence,per_layer,hotpot_qa,0.5235,0.4723,0.0479
ll_kl_wb_l::slope,divergence,derived,hotpot_qa,0.3274,0.4480,-0.1396
drift_l::early,geometry,derived,hotpot_qa,0.5839,0.4783,0.0268
ll_conf_w_l@8,confidence,per_layer,hotpot_qa,0.5484,0.5584,-0.0500
ll_conf_w_l@36,confidence,per_layer,hotpot_qa,0.6378,0.4670,0.1219
delta_trend,geometry,scalar,hotpot_qa,0.5242,0.5264,-0.0149
ll_entropy_w_l@36,confidence,per_layer,hotpot_qa,0.3171,0.5490,-0.1990
drift_l@8,geometry,per_layer,hotpot_qa,0.5868,0.4732,0.0322
ll_argmax_agree_final_l@12,agreement,per_layer,hotpot_qa,0.5000,0.5000,
ll_kl_wb_l@14,divergence,per_layer,hotpot_qa,0.4956,0.4285,-0.0235
margin_w,confidence,scalar,hotpot_qa,0.6043,0.5132,0.1045
drift_l@36,geometry,per_layer,hotpot_qa,0.4340,0.4592,-0.0481
ll_entropy_w_l@11,confidence,per_layer,hotpot_qa,0.4624,0.5091,-0.0561
ll_entropy_w_l::early,confidence,derived,hotpot_qa,0.4296,0.4963,-0.0346
slot_active_frac,geometry,scalar,hotpot_qa,0.5772,0.5438,0.0069
drift_l@22,geometry,per_layer,hotpot_qa,0.3972,0.3934,-0.0591
ll_conf_w_l@2,confidence,per_layer,hotpot_qa,0.4610,0.4641,-0.0011
slot_norm_std,geometry,scalar,hotpot_qa,0.4386,0.4932,-0.0832
drift_l@26,geometry,per_layer,hotpot_qa,0.3925,0.3964,-0.0926
ll_conf_w_l@1,confidence,per_layer,hotpot_qa,0.5769,0.5086,0.0282
ll_kl_wb_l::late,divergence,derived,hotpot_qa,0.3522,0.4271,-0.1453
slot_norm_mean,geometry,scalar,hotpot_qa,0.5293,0.5510,-0.0259
ll_argmax_agree_final_l::max,agreement,derived,hotpot_qa,0.5268,0.4918,0.0716
conf_w,confidence,scalar,hotpot_qa,0.6388,0.4927,0.1541
drift_l@12,geometry,per_layer,hotpot_qa,0.4671,0.4142,-0.0254
ll_entropy_w_l::max,confidence,derived,hotpot_qa,0.5274,0.4711,0.0137
ll_kl_wb_l@32,divergence,per_layer,hotpot_qa,0.3594,0.4437,-0.1435
ll_entropy_w_l@30,confidence,per_layer,hotpot_qa,0.4515,0.5455,-0.0638
drift_l@33,geometry,per_layer,hotpot_qa,0.3507,0.4354,-0.1556
ll_conf_w_l@14,confidence,per_layer,hotpot_qa,0.5533,0.4893,0.0597
ll_entropy_w_l@20,confidence,per_layer,hotpot_qa,0.5143,0.5572,0.0198
top5_mass_w,confidence,scalar,hotpot_qa,0.7605,0.4341,0.3163
drift_l@24,geometry,per_layer,hotpot_qa,0.3901,0.3902,-0.0740
ll_entropy_w_l@24,confidence,per_layer,hotpot_qa,0.4763,0.5649,-0.1413
drift_l::max,geometry,derived,hotpot_qa,0.4922,0.4547,-0.0167
ll_margin_w_l@8,confidence,per_layer,hotpot_qa,0.5535,0.5567,-0.0427
ll_conf_w_l@3,confidence,per_layer,hotpot_qa,0.4558,0.4978,0.0023
ll_argmax_agree_final_l::slope,agreement,derived,hotpot_qa,0.5285,0.4697,0.0689
ll_margin_w_l@21,confidence,per_layer,hotpot_qa,0.4952,0.4687,0.0524
ll_margin_w_l@29,confidence,per_layer,hotpot_qa,0.5225,0.4312,0.0396
ll_argmax_agree_final_l@24,agreement,per_layer,hotpot_qa,0.4758,0.5009,0.0118
ll_kl_wb_l@8,divergence,per_layer,hotpot_qa,0.5813,0.4784,0.0168
q_chunk_spread,geometry,scalar,hotpot_qa,0.4461,0.5093,-0.0715
ll_kl_wb_l@31,divergence,per_layer,hotpot_qa,0.3670,0.4482,-0.1275
ll_argmax_agree_final_l@27,agreement,per_layer,hotpot_qa,0.4746,0.4978,-0.0448
ll_kl_wb_l@1,divergence,per_layer,hotpot_qa,0.6006,0.5498,0.0072
ll_entropy_w_l@26,confidence,per_layer,hotpot_qa,0.4727,0.5230,-0.0815
ll_kl_wb_l@10,divergence,per_layer,hotpot_qa,0.5725,0.4563,0.0231
ll_conf_w_l@23,confidence,per_layer,hotpot_qa,0.5727,0.4395,0.1702
ll_argmax_agree_final_l@28,agreement,per_layer,hotpot_qa,0.4629,0.4977,-0.0343
ll_margin_w_l@36,confidence,per_layer,hotpot_qa,0.6025,0.4761,0.0692
ll_entropy_w_l@19,confidence,per_layer,hotpot_qa,0.4219,0.5579,-0.0874
ll_entropy_w_l@28,confidence,per_layer,hotpot_qa,0.4658,0.5728,-0.0811
ll_conf_w_l::mid,confidence,derived,hotpot_qa,0.5678,0.4399,0.1581
ll_margin_w_l@27,confidence,per_layer,hotpot_qa,0.4814,0.4553,0.0049
drift_l@20,geometry,per_layer,hotpot_qa,0.3972,0.3925,-0.0542
drift_l::mean,geometry,derived,hotpot_qa,0.4552,0.4240,-0.0662
ll_conf_w_l@13,confidence,per_layer,hotpot_qa,0.4802,0.4798,0.0094
ll_kl_wb_l@27,divergence,per_layer,hotpot_qa,0.3826,0.4778,-0.1579
conf_0,confidence,scalar,hotpot_qa,0.7233,0.4032,0.3208
drift_l@25,geometry,per_layer,hotpot_qa,0.3850,0.3928,-0.0913
delta_max,geometry,scalar,hotpot_qa,0.5535,0.5652,-0.0035
ll_conf_w_l@0,confidence,per_layer,hotpot_qa,0.5000,0.5000,
ll_entropy_w_l@12,confidence,per_layer,hotpot_qa,0.4987,0.5328,-0.0204
ll_entropy_w_l@34,confidence,per_layer,hotpot_qa,0.3295,0.6003,-0.2530
ll_conf_w_l@31,confidence,per_layer,hotpot_qa,0.5775,0.4779,0.0593
ll_margin_w_l@12,confidence,per_layer,hotpot_qa,0.4894,0.4449,0.0067
ll_kl_wb_l@3,divergence,per_layer,hotpot_qa,0.5980,0.5289,0.0105
ll_kl_wb_l@9,divergence,per_layer,hotpot_qa,0.5667,0.4597,0.0163
span_entropy_last,confidence,scalar,hotpot_qa,0.5010,0.5471,-0.0546
ll_argmax_agree_final_l@31,agreement,per_layer,hotpot_qa,0.5266,0.4765,0.0663
ll_argmax_agree_final_l@10,agreement,per_layer,hotpot_qa,0.5000,0.5000,
ll_argmax_agree_final_l@8,agreement,per_layer,hotpot_qa,0.5000,0.5000,
ll_entropy_w_l@25,confidence,per_layer,hotpot_qa,0.4172,0.5542,-0.1380
ll_entropy_w_l@23,confidence,per_layer,hotpot_qa,0.4243,0.5770,-0.1840
ll_margin_w_l@2,confidence,per_layer,hotpot_qa,0.4856,0.4978,0.0113
drift_l@34,geometry,per_layer,hotpot_qa,0.3491,0.4458,-0.1616
ll_entropy_w_l@33,confidence,per_layer,hotpot_qa,0.3260,0.5725,-0.2116
ll_conf_w_l@29,confidence,per_layer,hotpot_qa,0.5331,0.4243,0.0596
ll_margin_w_l@3,confidence,per_layer,hotpot_qa,0.4218,0.4884,-0.0128
ll_margin_w_l@26,confidence,per_layer,hotpot_qa,0.4846,0.4838,0.0187
ll_kl_wb_l@6,divergence,per_layer,hotpot_qa,0.5993,0.4966,0.0212
ll_kl_wb_l@12,divergence,per_layer,hotpot_qa,0.5215,0.4377,0.0127
ll_argmax_agree_final_l@14,agreement,per_layer,hotpot_qa,0.5000,0.5000,
ll_kl_wb_l@25,divergence,per_layer,hotpot_qa,0.4154,0.4662,-0.1425
ll_kl_wb_l@22,divergence,per_layer,hotpot_qa,0.3960,0.4199,-0.0871
ll_entropy_w_l@13,confidence,per_layer,hotpot_qa,0.5143,0.5307,-0.0142
ll_conf_w_l@19,confidence,per_layer,hotpot_qa,0.5863,0.4898,0.0874
ll_margin_w_l@18,confidence,per_layer,hotpot_qa,0.5295,0.4838,0.0964
ll_margin_w_l@23,confidence,per_layer,hotpot_qa,0.5399,0.4515,0.1362
drift_l@19,geometry,per_layer,hotpot_qa,0.3993,0.3997,-0.0664
mem_influence_kl,divergence,scalar,hotpot_qa,0.3341,0.3811,-0.1449
drift_l@15,geometry,per_layer,hotpot_qa,0.4399,0.4087,-0.0490
ll_entropy_w_l@31,confidence,per_layer,hotpot_qa,0.4108,0.5424,-0.0955
ll_conf_w_l::late,confidence,derived,hotpot_qa,0.6139,0.4192,0.1690
ll_argmax_agree_final_l@36,agreement,per_layer,hotpot_qa,0.4906,0.4951,0.0008
drift_l@13,geometry,per_layer,hotpot_qa,0.4527,0.4119,-0.0377
ll_argmax_agree_final_l@23,agreement,per_layer,hotpot_qa,0.4648,0.4934,0.0167
ll_margin_w_l@14,confidence,per_layer,hotpot_qa,0.5398,0.5096,0.0518
ll_margin_w_l@1,confidence,per_layer,hotpot_qa,0.5881,0.5202,0.0212
drift_l@14,geometry,per_layer,hotpot_qa,0.4428,0.4057,-0.0410
ll_entropy_w_l@5,confidence,per_layer,hotpot_qa,0.4483,0.4218,-0.0258
ll_argmax_agree_final_l@6,agreement,per_layer,hotpot_qa,0.5000,0.5000,
kl_0w,divergence,scalar,hotpot_qa,0.3237,0.4340,-0.2019
ll_argmax_agree_final_l@19,agreement,per_layer,hotpot_qa,0.5000,0.5000,
drift_l@32,geometry,per_layer,hotpot_qa,0.3437,0.4270,-0.1591
tv_w0,divergence,scalar,hotpot_qa,0.3275,0.4078,-0.1836
ll_entropy_w_l@9,confidence,per_layer,hotpot_qa,0.3886,0.4504,-0.0174
ll_kl_wb_l@11,divergence,per_layer,hotpot_qa,0.4993,0.4161,0.0213
ll_margin_w_l@7,confidence,per_layer,hotpot_qa,0.6280,0.5499,0.0932
entropy_w,confidence,scalar,hotpot_qa,0.2846,0.5490,-0.2546
drift_l@4,geometry,per_layer,musr_mm,0.4913,0.5384,-0.0058
ll_entropy_w_l@29,confidence,per_layer,musr_mm,0.5023,0.4917,0.0096
ll_argmax_agree_final_l@32,agreement,per_layer,musr_mm,0.5019,0.5139,0.0065
ll_conf_w_l@4,confidence,per_layer,musr_mm,0.5084,0.5158,0.0099
ll_argmax_agree_final_l@22,agreement,per_layer,musr_mm,0.5000,0.5000,
drift_l@6,geometry,per_layer,musr_mm,0.4905,0.5526,-0.0080
ll_margin_w_l@15,confidence,per_layer,musr_mm,0.5096,0.4698,0.0258
ll_argmax_agree_final_l@9,agreement,per_layer,musr_mm,0.5000,0.5000,
ll_argmax_agree_final_l@35,agreement,per_layer,musr_mm,0.4942,0.5012,-0.0175
ll_kl_wb_l@15,divergence,per_layer,musr_mm,0.4878,0.5350,-0.0267
ll_kl_wb_l::max,divergence,derived,musr_mm,0.4882,0.4664,-0.0172
ll_entropy_w_l@15,confidence,per_layer,musr_mm,0.4886,0.5434,-0.0277
drift_l@27,geometry,per_layer,musr_mm,0.4946,0.5120,-0.0141
ll_entropy_w_l@16,confidence,per_layer,musr_mm,0.5024,0.5304,-0.0049
ll_entropy_w_l@14,confidence,per_layer,musr_mm,0.4928,0.4914,-0.0084
ll_margin_w_l@20,confidence,per_layer,musr_mm,0.4988,0.5216,-0.0153
ll_conf_w_l@10,confidence,per_layer,musr_mm,0.5004,0.5202,0.0146
ll_kl_wb_l@0,divergence,per_layer,musr_mm,0.5000,0.5000,
ll_conf_w_l::slope,confidence,derived,musr_mm,0.5039,0.5301,0.0175
ll_conf_w_l@22,confidence,per_layer,musr_mm,0.4919,0.5273,0.0046
ll_conf_w_l@30,confidence,per_layer,musr_mm,0.4922,0.4952,-0.0050
ll_margin_w_l@0,confidence,per_layer,musr_mm,0.5000,0.5000,
ll_margin_w_l@6,confidence,per_layer,musr_mm,0.4956,0.4917,-0.0113
ll_entropy_w_l::late,confidence,derived,musr_mm,0.4896,0.4613,-0.0184
drift_l@7,geometry,per_layer,musr_mm,0.4901,0.5573,-0.0100
slot_norm_max,geometry,scalar,musr_mm,0.4916,0.4928,-0.0001
ll_entropy_w_l@6,confidence,per_layer,musr_mm,0.4885,0.5040,-0.0079
ll_argmax_agree_final_l@16,agreement,per_layer,musr_mm,0.5000,0.5000,
ll_conf_w_l@12,confidence,per_layer,musr_mm,0.5113,0.5265,0.0021
ll_margin_w_l@17,confidence,per_layer,musr_mm,0.4929,0.4716,0.0061
ll_entropy_w_l@1,confidence,per_layer,musr_mm,0.5175,0.4950,0.0346
drift_l@1,geometry,per_layer,musr_mm,0.4901,0.5363,-0.0088
kl_w0,divergence,scalar,musr_mm,0.4926,0.4446,-0.0155
drift_l@28,geometry,per_layer,musr_mm,0.4944,0.5140,-0.0142
ll_margin_w_l@10,confidence,per_layer,musr_mm,0.5022,0.4956,0.0246
ll_argmax_agree_final_l@11,agreement,per_layer,musr_mm,0.5000,0.5000,
ll_argmax_agree_final_l@21,agreement,per_layer,musr_mm,0.5000,0.5000,
ll_kl_wb_l@36,divergence,per_layer,musr_mm,0.4904,0.4470,-0.0090
ll_kl_wb_l@13,divergence,per_layer,musr_mm,0.4897,0.5248,-0.0240
ll_argmax_agree_final_l@33,agreement,per_layer,musr_mm,0.5020,0.5091,0.0063
ll_margin_w_l@9,confidence,per_layer,musr_mm,0.5005,0.5115,0.0145
ll_argmax_agree_final_l@34,agreement,per_layer,musr_mm,0.5015,0.4963,0.0041
ll_kl_wb_l::early,divergence,derived,musr_mm,0.4908,0.5565,-0.0148
ll_kl_wb_l@7,divergence,per_layer,musr_mm,0.4902,0.5584,-0.0089
drift_l@30,geometry,per_layer,musr_mm,0.4948,0.5196,-0.0147
ll_margin_w_l@35,confidence,per_layer,musr_mm,0.4968,0.5037,-0.0036
delta_last,geometry,scalar,musr_mm,0.4953,0.4851,0.0109
ll_margin_w_l@24,confidence,per_layer,musr_mm,0.4975,0.4904,0.0004
ll_margin_w_l@28,confidence,per_layer,musr_mm,0.5054,0.4937,0.0077
ll_margin_w_l@13,confidence,per_layer,musr_mm,0.5109,0.4580,0.0143
drift_l@2,geometry,per_layer,musr_mm,0.4859,0.5265,-0.0100
ll_margin_w_l::mean,confidence,derived,musr_mm,0.5025,0.5258,0.0207
ll_margin_w_l::max,confidence,derived,musr_mm,0.4960,0.5160,0.0056
ll_conf_w_l@20,confidence,per_layer,musr_mm,0.5010,0.5042,-0.0138
drift_l::min,geometry,derived,musr_mm,0.5000,0.5000,
drift_l@31,geometry,per_layer,musr_mm,0.4937,0.5106,-0.0184
ll_margin_w_l@5,confidence,per_layer,musr_mm,0.4785,0.5279,-0.0347
ll_kl_wb_l@34,divergence,per_layer,musr_mm,0.4929,0.4696,-0.0095
ll_argmax_agree_final_l@26,agreement,per_layer,musr_mm,0.5000,0.5000,
drift_l@3,geometry,per_layer,musr_mm,0.4874,0.5426,-0.0082
ll_argmax_agree_final_l@20,agreement,per_layer,musr_mm,0.5000,0.5000,
ll_margin_w_l@33,confidence,per_layer,musr_mm,0.5105,0.5309,0.0206
span_entropy_mean,confidence,scalar,musr_mm,0.5070,0.5174,0.0062
ll_margin_w_l::mid,confidence,derived,musr_mm,0.4908,0.5083,-0.0050
seq_logprob,confidence,scalar,musr_mm,0.5016,0.4678,0.0126
ll_kl_wb_l@2,divergence,per_layer,musr_mm,0.4857,0.5372,-0.0110
ll_conf_w_l@6,confidence,per_layer,musr_mm,0.4997,0.4795,-0.0100
ll_kl_wb_l@19,divergence,per_layer,musr_mm,0.4919,0.5180,-0.0213
ll_argmax_agree_final_l@13,agreement,per_layer,musr_mm,0.5000,0.5000,
drift_l@11,geometry,per_layer,musr_mm,0.4888,0.5478,-0.0234
drift_l@10,geometry,per_layer,musr_mm,0.4883,0.5521,-0.0167
ll_entropy_w_l@8,confidence,per_layer,musr_mm,0.5184,0.5098,0.0326
drift_l@29,geometry,per_layer,musr_mm,0.4940,0.5163,-0.0152
ll_entropy_w_l@32,confidence,per_layer,musr_mm,0.4954,0.5093,-0.0240
ll_argmax_agree_final_l@2,agreement,per_layer,musr_mm,0.5000,0.5000,
ll_kl_wb_l@17,divergence,per_layer,musr_mm,0.4922,0.5177,-0.0218
ll_conf_w_l::early,confidence,derived,musr_mm,0.4958,0.4993,-0.0131
ll_conf_w_l@15,confidence,per_layer,musr_mm,0.5105,0.4610,0.0294
ll_margin_w_l@11,confidence,per_layer,musr_mm,0.4956,0.5368,-0.0004
ll_conf_w_l@18,confidence,per_layer,musr_mm,0.5065,0.4918,0.0096
ll_kl_wb_l::min,divergence,derived,musr_mm,0.5000,0.5000,
drift_l@0,geometry,per_layer,musr_mm,0.5000,0.5000,
ll_argmax_agree_final_l@1,agreement,per_layer,musr_mm,0.5000,0.5000,
entropy_0,confidence,scalar,musr_mm,0.5041,0.4784,-0.0183
ll_entropy_w_l::mean,confidence,derived,musr_mm,0.4937,0.4681,-0.0054
ll_entropy_w_l@35,confidence,per_layer,musr_mm,0.5080,0.4988,0.0119
ll_entropy_w_l@17,confidence,per_layer,musr_mm,0.5042,0.5359,-0.0113
ll_margin_w_l::slope,confidence,derived,musr_mm,0.5008,0.5310,0.0170
ll_entropy_w_l@27,confidence,per_layer,musr_mm,0.4897,0.5158,-0.0169
ll_margin_w_l@22,confidence,per_layer,musr_mm,0.4974,0.5093,0.0182
ll_conf_w_l@5,confidence,per_layer,musr_mm,0.4986,0.5037,-0.0041
ll_entropy_w_l@10,confidence,per_layer,musr_mm,0.5031,0.4586,-0.0011
delta_mean,geometry,scalar,musr_mm,0.4965,0.4827,0.0126
ll_argmax_agree_final_l@7,agreement,per_layer,musr_mm,0.5000,0.5000,
ll_argmax_agree_final_l@18,agreement,per_layer,musr_mm,0.5000,0.5000,
drift_l@16,geometry,per_layer,musr_mm,0.4956,0.5253,-0.0200
first_tok_agree,agreement,scalar,musr_mm,0.4993,0.4779,-0.0019
span_entropy_min,confidence,scalar,musr_mm,0.5134,0.4995,0.0179
ll_argmax_agree_final_l::mean,agreement,derived,musr_mm,0.5014,0.5128,-0.0001
ll_margin_w_l::late,confidence,derived,musr_mm,0.5001,0.5290,0.0160
ll_argmax_agree_final_l@5,agreement,per_layer,musr_mm,0.5000,0.5000,
ll_conf_w_l@17,confidence,per_layer,musr_mm,0.4974,0.4580,0.0154
ll_kl_wb_l@21,divergence,per_layer,musr_mm,0.4913,0.5292,-0.0351
ll_argmax_agree_final_l@25,agreement,per_layer,musr_mm,0.5000,0.5000,
drift_l@35,geometry,per_layer,musr_mm,0.4831,0.4792,-0.0322
ll_argmax_agree_final_l::early,agreement,derived,musr_mm,0.5000,0.5000,
ll_margin_w_l@16,confidence,per_layer,musr_mm,0.4981,0.4362,0.0039
ll_argmax_agree_final_l@0,agreement,per_layer,musr_mm,0.5000,0.5000,
ll_conf_w_l::mean,confidence,derived,musr_mm,0.5019,0.5246,0.0141
ll_conf_w_l@35,confidence,per_layer,musr_mm,0.4975,0.5087,-0.0013
ll_conf_w_l@25,confidence,per_layer,musr_mm,0.5009,0.5122,0.0113
ll_conf_w_l::max,confidence,derived,musr_mm,0.4973,0.5146,0.0080
perplexity,confidence,scalar,musr_mm,0.5013,0.4895,-0.0038
ll_conf_w_l@16,confidence,per_layer,musr_mm,0.4954,0.4471,0.0028
ll_conf_w_l@21,confidence,per_layer,musr_mm,0.4972,0.5498,-0.0041
drift_l@21,geometry,per_layer,musr_mm,0.4928,0.5069,-0.0209
ll_kl_wb_l@5,divergence,per_layer,musr_mm,0.4924,0.5463,-0.0087
ll_kl_wb_l@33,divergence,per_layer,musr_mm,0.4913,0.4522,-0.0129
ll_argmax_agree_final_l@30,agreement,per_layer,musr_mm,0.5000,0.5000,
ll_margin_w_l@25,confidence,per_layer,musr_mm,0.4970,0.4981,0.0166
ll_kl_wb_l@23,divergence,per_layer,musr_mm,0.4894,0.5234,-0.0211
ll_kl_wb_l@24,divergence,per_layer,musr_mm,0.4942,0.4999,-0.0151
drift_l::mid,geometry,derived,musr_mm,0.4923,0.5259,-0.0217
ll_argmax_agree_final_l@17,agreement,per_layer,musr_mm,0.5000,0.5000,
drift_l@23,geometry,per_layer,musr_mm,0.4948,0.5045,-0.0162
ll_conf_w_l@33,confidence,per_layer,musr_mm,0.5107,0.5360,0.0213
ll_kl_wb_l@28,divergence,per_layer,musr_mm,0.4946,0.5257,-0.0078
ll_entropy_w_l@21,confidence,per_layer,musr_mm,0.5086,0.4608,0.0229
ll_entropy_w_l@3,confidence,per_layer,musr_mm,0.4933,0.5052,0.0071
ll_argmax_agree_final_l::late,agreement,derived,musr_mm,0.5014,0.5128,-0.0001
ll_kl_wb_l@29,divergence,per_layer,musr_mm,0.4894,0.5012,-0.0105
ll_conf_w_l@24,confidence,per_layer,musr_mm,0.4937,0.4944,-0.0166
ll_kl_wb_l@20,divergence,per_layer,musr_mm,0.4929,0.5302,-0.0213
ll_conf_w_l@11,confidence,per_layer,musr_mm,0.5023,0.5352,0.0112
ll_entropy_w_l@2,confidence,per_layer,musr_mm,0.5019,0.4969,0.0149
ll_conf_w_l@27,confidence,per_layer,musr_mm,0.5051,0.5095,0.0090
ll_conf_w_l@28,confidence,per_layer,musr_mm,0.5060,0.4860,0.0097
ll_argmax_agree_final_l::mid,agreement,derived,musr_mm,0.5000,0.5000,
ll_kl_wb_l@18,divergence,per_layer,musr_mm,0.4937,0.5210,-0.0165
ll_margin_w_l@19,confidence,per_layer,musr_mm,0.4980,0.4679,0.0012
ll_argmax_agree_final_l@29,agreement,per_layer,musr_mm,0.5051,0.5141,0.0192
q_chunk_max_cos,geometry,scalar,musr_mm,0.4484,0.6333,-0.0945
drift_l@5,geometry,per_layer,musr_mm,0.4906,0.5496,-0.0111
ll_kl_wb_l@4,divergence,per_layer,musr_mm,0.4876,0.5340,-0.0113
drift_l::slope,geometry,derived,musr_mm,0.5087,0.4487,0.0085
ll_entropy_w_l::min,confidence,derived,musr_mm,0.5001,0.4902,-0.0102
drift_mem,geometry,scalar,musr_mm,0.4895,0.4908,-0.0008
q_chunk_mean_cos,geometry,scalar,musr_mm,0.4357,0.5835,-0.1462
ll_entropy_w_l::slope,confidence,derived,musr_mm,0.4860,0.4892,-0.0287
ll_kl_wb_l::mean,divergence,derived,musr_mm,0.4847,0.5000,-0.0233
span_conf_mean,confidence,scalar,musr_mm,0.4939,0.4937,0.0028
ll_entropy_w_l::mid,confidence,derived,musr_mm,0.5079,0.4863,0.0159
ll_entropy_w_l@0,confidence,per_layer,musr_mm,0.5000,0.5000,
ll_argmax_agree_final_l::min,agreement,derived,musr_mm,0.5000,0.5000,
ll_kl_wb_l::mid,divergence,derived,musr_mm,0.4871,0.5167,-0.0240
ll_conf_w_l@7,confidence,per_layer,musr_mm,0.5029,0.5188,-0.0010
ll_conf_w_l@34,confidence,per_layer,musr_mm,0.5003,0.5525,0.0073
ll_margin_w_l@34,confidence,per_layer,musr_mm,0.4988,0.5435,0.0079
drift_l@17,geometry,per_layer,musr_mm,0.4949,0.5247,-0.0189
ll_conf_w_l::min,confidence,derived,musr_mm,0.4949,0.4735,-0.0124
ll_argmax_agree_final_l@4,agreement,per_layer,musr_mm,0.5000,0.5000,
margin_0,confidence,scalar,musr_mm,0.4955,0.4644,0.0110
ll_entropy_w_l@18,confidence,per_layer,musr_mm,0.4936,0.4978,-0.0117
drift_l@9,geometry,per_layer,musr_mm,0.4905,0.5637,-0.0178
ll_conf_w_l@32,confidence,per_layer,musr_mm,0.5109,0.4814,0.0319
mem_influence_argmax_change,agreement,scalar,musr_mm,0.5007,0.5221,0.0019
ll_argmax_agree_final_l@15,agreement,per_layer,musr_mm,0.5000,0.5000,
ll_kl_wb_l@26,divergence,per_layer,musr_mm,0.4918,0.4996,-0.0117
ll_margin_w_l@31,confidence,per_layer,musr_mm,0.5048,0.5211,0.0154
ll_entropy_w_l@7,confidence,per_layer,musr_mm,0.4965,0.4859,-0.0145
ll_margin_w_l@4,confidence,per_layer,musr_mm,0.5087,0.5334,0.0240
ll_conf_w_l@9,confidence,per_layer,musr_mm,0.4929,0.5172,0.0066
drift_l::late,geometry,derived,musr_mm,0.4909,0.5065,-0.0201
ll_kl_wb_l@30,divergence,per_layer,musr_mm,0.5050,0.5265,0.0058
ll_argmax_agree_final_l@3,agreement,per_layer,musr_mm,0.5000,0.5000,
ll_entropy_w_l@4,confidence,per_layer,musr_mm,0.4902,0.4843,-0.0063
ll_margin_w_l@30,confidence,per_layer,musr_mm,0.4946,0.4897,-0.0020
ll_kl_wb_l@35,divergence,per_layer,musr_mm,0.4930,0.4594,-0.0096
ll_margin_w_l::min,confidence,derived,musr_mm,0.5130,0.5087,0.0318
ll_entropy_w_l@22,confidence,per_layer,musr_mm,0.5076,0.4669,-0.0043
drift_l@18,geometry,per_layer,musr_mm,0.4930,0.5252,-0.0207
ll_kl_wb_l@16,divergence,per_layer,musr_mm,0.4914,0.5079,-0.0241
ll_margin_w_l::early,confidence,derived,musr_mm,0.5002,0.4897,0.0021
js_w0,divergence,scalar,musr_mm,0.4930,0.4374,-0.0124
ll_conf_w_l@26,confidence,per_layer,musr_mm,0.5050,0.5157,0.0176
ll_margin_w_l@32,confidence,per_layer,musr_mm,0.5137,0.4812,0.0345
ll_kl_wb_l::slope,divergence,derived,musr_mm,0.4944,0.4614,-0.0036
drift_l::early,geometry,derived,musr_mm,0.4915,0.5576,-0.0147
ll_conf_w_l@8,confidence,per_layer,musr_mm,0.4879,0.4441,-0.0195
ll_conf_w_l@36,confidence,per_layer,musr_mm,0.5049,0.5045,0.0221
delta_trend,geometry,scalar,musr_mm,0.5147,0.4715,0.0437
ll_entropy_w_l@36,confidence,per_layer,musr_mm,0.4912,0.4761,-0.0243
drift_l@8,geometry,per_layer,musr_mm,0.4902,0.5629,-0.0182
ll_argmax_agree_final_l@12,agreement,per_layer,musr_mm,0.5000,0.5000,
ll_kl_wb_l@14,divergence,per_layer,musr_mm,0.4928,0.5284,-0.0160
margin_w,confidence,scalar,musr_mm,0.4995,0.4694,0.0151
drift_l@36,geometry,per_layer,musr_mm,0.4837,0.4636,-0.0192
ll_entropy_w_l@11,confidence,per_layer,musr_mm,0.4948,0.4717,-0.0089
ll_entropy_w_l::early,confidence,derived,musr_mm,0.5036,0.4656,0.0169
slot_active_frac,geometry,scalar,musr_mm,0.4874,0.5499,-0.0042
drift_l@22,geometry,per_layer,musr_mm,0.4945,0.5096,-0.0202
ll_conf_w_l@2,confidence,per_layer,musr_mm,0.5013,0.5076,-0.0166
slot_norm_std,geometry,scalar,musr_mm,0.5283,0.4914,0.0455
drift_l@26,geometry,per_layer,musr_mm,0.4947,0.5091,-0.0149
ll_conf_w_l@1,confidence,per_layer,musr_mm,0.4865,0.5257,-0.0236
ll_kl_wb_l::late,divergence,derived,musr_mm,0.4855,0.4781,-0.0161
slot_norm_mean,geometry,scalar,musr_mm,0.4895,0.4908,-0.0007
ll_argmax_agree_final_l::max,agreement,derived,musr_mm,0.4983,0.5089,-0.0141
conf_w,confidence,scalar,musr_mm,0.4969,0.4665,0.0099
drift_l@12,geometry,per_layer,musr_mm,0.4895,0.5410,-0.0241
ll_entropy_w_l::max,confidence,derived,musr_mm,0.4885,0.5040,-0.0079
ll_kl_wb_l@32,divergence,per_layer,musr_mm,0.4948,0.4789,-0.0111
ll_entropy_w_l@30,confidence,per_layer,musr_mm,0.5093,0.5067,0.0070
drift_l@33,geometry,per_layer,musr_mm,0.4896,0.5102,-0.0242
ll_conf_w_l@14,confidence,per_layer,musr_mm,0.4998,0.5177,0.0005
ll_entropy_w_l@20,confidence,per_layer,musr_mm,0.4995,0.4997,0.0153
top5_mass_w,confidence,scalar,musr_mm,0.4872,0.4622,-0.0086
drift_l@24,geometry,per_layer,musr_mm,0.4955,0.5070,-0.0157
ll_entropy_w_l@24,confidence,per_layer,musr_mm,0.4929,0.5012,-0.0003
drift_l::max,geometry,derived,musr_mm,0.4852,0.4741,-0.0243
ll_margin_w_l@8,confidence,per_layer,musr_mm,0.4924,0.4370,-0.0110
ll_conf_w_l@3,confidence,per_layer,musr_mm,0.5074,0.4653,-0.0074
ll_argmax_agree_final_l::slope,agreement,derived,musr_mm,0.5014,0.5128,-0.0001
ll_margin_w_l@21,confidence,per_layer,musr_mm,0.4987,0.5578,0.0024
ll_margin_w_l@29,confidence,per_layer,musr_mm,0.4804,0.4936,-0.0198
ll_argmax_agree_final_l@24,agreement,per_layer,musr_mm,0.5000,0.5000,
ll_kl_wb_l@8,divergence,per_layer,musr_mm,0.4909,0.5627,-0.0094
q_chunk_spread,geometry,scalar,musr_mm,0.5118,0.5620,0.0560
ll_kl_wb_l@31,divergence,per_layer,musr_mm,0.4866,0.4868,-0.0188
ll_argmax_agree_final_l@27,agreement,per_layer,musr_mm,0.5000,0.5000,
ll_kl_wb_l@1,divergence,per_layer,musr_mm,0.4913,0.5368,-0.0061
ll_entropy_w_l@26,confidence,per_layer,musr_mm,0.4983,0.4736,-0.0040
ll_kl_wb_l@10,divergence,per_layer,musr_mm,0.4898,0.5466,-0.0170
ll_conf_w_l@23,confidence,per_layer,musr_mm,0.5022,0.5155,-0.0030
ll_argmax_agree_final_l@28,agreement,per_layer,musr_mm,0.5000,0.5000,
ll_margin_w_l@36,confidence,per_layer,musr_mm,0.4951,0.4951,0.0105
ll_entropy_w_l@19,confidence,per_layer,musr_mm,0.5023,0.4997,0.0175
ll_entropy_w_l@28,confidence,per_layer,musr_mm,0.4918,0.5139,-0.0135
ll_conf_w_l::mid,confidence,derived,musr_mm,0.4888,0.5094,-0.0094
ll_margin_w_l@27,confidence,per_layer,musr_mm,0.5046,0.5187,0.0091
drift_l@20,geometry,per_layer,musr_mm,0.4925,0.5173,-0.0242
drift_l::mean,geometry,derived,musr_mm,0.4884,0.5273,-0.0224
ll_conf_w_l@13,confidence,per_layer,musr_mm,0.5114,0.4493,0.0132
ll_kl_wb_l@27,divergence,per_layer,musr_mm,0.4904,0.5231,-0.0063
conf_0,confidence,scalar,musr_mm,0.4980,0.4675,0.0183
drift_l@25,geometry,per_layer,musr_mm,0.4956,0.5084,-0.0140
delta_max,geometry,scalar,musr_mm,0.4974,0.4859,0.0154
ll_conf_w_l@0,confidence,per_layer,musr_mm,0.5000,0.5000,
ll_entropy_w_l@12,confidence,per_layer,musr_mm,0.4959,0.4924,0.0129
ll_entropy_w_l@34,confidence,per_layer,musr_mm,0.4958,0.4526,-0.0030
ll_conf_w_l@31,confidence,per_layer,musr_mm,0.5063,0.5339,0.0154
ll_margin_w_l@12,confidence,per_layer,musr_mm,0.5190,0.5390,0.0280
ll_kl_wb_l@3,divergence,per_layer,musr_mm,0.4919,0.5392,-0.0042
ll_kl_wb_l@9,divergence,per_layer,musr_mm,0.4884,0.5513,-0.0181
span_entropy_last,confidence,scalar,musr_mm,0.4897,0.4997,-0.0036
ll_argmax_agree_final_l@31,agreement,per_layer,musr_mm,0.5000,0.5008,-0.0012
ll_argmax_agree_final_l@10,agreement,per_layer,musr_mm,0.5000,0.5000,
ll_argmax_agree_final_l@8,agreement,per_layer,musr_mm,0.5000,0.5000,
ll_entropy_w_l@25,confidence,per_layer,musr_mm,0.4899,0.4781,-0.0062
ll_entropy_w_l@23,confidence,per_layer,musr_mm,0.5004,0.4630,-0.0050
ll_margin_w_l@2,confidence,per_layer,musr_mm,0.4943,0.5147,-0.0211
drift_l@34,geometry,per_layer,musr_mm,0.4880,0.5127,-0.0255
ll_entropy_w_l@33,confidence,per_layer,musr_mm,0.4899,0.4614,-0.0216
ll_conf_w_l@29,confidence,per_layer,musr_mm,0.4879,0.4971,-0.0120
ll_margin_w_l@3,confidence,per_layer,musr_mm,0.5104,0.4639,0.0004
ll_margin_w_l@26,confidence,per_layer,musr_mm,0.5026,0.5083,0.0190
ll_kl_wb_l@6,divergence,per_layer,musr_mm,0.4917,0.5577,-0.0089
ll_kl_wb_l@12,divergence,per_layer,musr_mm,0.4877,0.5470,-0.0278
ll_argmax_agree_final_l@14,agreement,per_layer,musr_mm,0.5000,0.5000,
ll_kl_wb_l@25,divergence,per_layer,musr_mm,0.4933,0.5082,-0.0134
ll_kl_wb_l@22,divergence,per_layer,musr_mm,0.4879,0.5092,-0.0190
ll_entropy_w_l@13,confidence,per_layer,musr_mm,0.4873,0.5185,-0.0135
ll_conf_w_l@19,confidence,per_layer,musr_mm,0.4945,0.4853,-0.0144
ll_margin_w_l@18,confidence,per_layer,musr_mm,0.5077,0.4884,0.0151
ll_margin_w_l@23,confidence,per_layer,musr_mm,0.5019,0.5068,-0.0009
drift_l@19,geometry,per_layer,musr_mm,0.4921,0.5087,-0.0209
mem_influence_kl,divergence,scalar,musr_mm,0.4905,0.4453,-0.0177
drift_l@15,geometry,per_layer,musr_mm,0.4936,0.5298,-0.0204
ll_entropy_w_l@31,confidence,per_layer,musr_mm,0.4983,0.4541,-0.0060
ll_conf_w_l::late,confidence,derived,musr_mm,0.5037,0.5268,0.0166
ll_argmax_agree_final_l@36,agreement,per_layer,musr_mm,0.5000,0.5000,
drift_l@13,geometry,per_layer,musr_mm,0.4896,0.5398,-0.0245
ll_argmax_agree_final_l@23,agreement,per_layer,musr_mm,0.5000,0.5000,
ll_margin_w_l@14,confidence,per_layer,musr_mm,0.5073,0.5394,-0.0000
ll_margin_w_l@1,confidence,per_layer,musr_mm,0.4898,0.5268,-0.0168
drift_l@14,geometry,per_layer,musr_mm,0.4898,0.5390,-0.0253
ll_entropy_w_l@5,confidence,per_layer,musr_mm,0.4912,0.5056,-0.0157
ll_argmax_agree_final_l@6,agreement,per_layer,musr_mm,0.5000,0.5000,
kl_0w,divergence,scalar,musr_mm,0.4936,0.4387,-0.0122
ll_argmax_agree_final_l@19,agreement,per_layer,musr_mm,0.5000,0.5000,
drift_l@32,geometry,per_layer,musr_mm,0.4942,0.5084,-0.0185
tv_w0,divergence,scalar,musr_mm,0.4918,0.4505,-0.0118
ll_entropy_w_l@9,confidence,per_layer,musr_mm,0.5093,0.4747,0.0033
ll_kl_wb_l@11,divergence,per_layer,musr_mm,0.4910,0.5608,-0.0194
ll_margin_w_l@7,confidence,per_layer,musr_mm,0.4839,0.5413,-0.0340
entropy_w,confidence,scalar,musr_mm,0.5105,0.5406,0.0054
drift_l@4,geometry,per_layer,quality,0.4914,0.5256,-0.0793
ll_entropy_w_l@29,confidence,per_layer,quality,0.4796,0.4661,-0.0101
ll_argmax_agree_final_l@32,agreement,per_layer,quality,0.4906,0.5091,-0.0412
ll_conf_w_l@4,confidence,per_layer,quality,0.5080,0.4651,0.0606
ll_argmax_agree_final_l@22,agreement,per_layer,quality,0.5000,0.5000,
drift_l@6,geometry,per_layer,quality,0.5000,0.5264,-0.0545
ll_margin_w_l@15,confidence,per_layer,quality,0.4821,0.5254,-0.0659
ll_argmax_agree_final_l@9,agreement,per_layer,quality,0.5000,0.5000,
ll_argmax_agree_final_l@35,agreement,per_layer,quality,0.4754,0.5302,-0.0399
ll_kl_wb_l@15,divergence,per_layer,quality,0.5108,0.4168,0.0410
ll_kl_wb_l::max,divergence,derived,quality,0.4692,0.4091,-0.0225
ll_entropy_w_l@15,confidence,per_layer,quality,0.5075,0.4956,0.0291
drift_l@27,geometry,per_layer,quality,0.5139,0.4227,0.0579
ll_entropy_w_l@16,confidence,per_layer,quality,0.5086,0.4880,0.0525
ll_entropy_w_l@14,confidence,per_layer,quality,0.5116,0.5479,-0.0171
ll_margin_w_l@20,confidence,per_layer,quality,0.4701,0.4716,-0.0632
ll_conf_w_l@10,confidence,per_layer,quality,0.5123,0.5396,0.0149
ll_kl_wb_l@0,divergence,per_layer,quality,0.5000,0.5000,
ll_conf_w_l::slope,confidence,derived,quality,0.4909,0.5786,-0.0173
ll_conf_w_l@22,confidence,per_layer,quality,0.4648,0.4455,-0.0837
ll_conf_w_l@30,confidence,per_layer,quality,0.4778,0.5700,-0.0929
ll_margin_w_l@0,confidence,per_layer,quality,0.5000,0.5000,
ll_margin_w_l@6,confidence,per_layer,quality,0.4987,0.4406,-0.0799
ll_entropy_w_l::late,confidence,derived,quality,0.4947,0.4856,-0.0133
drift_l@7,geometry,per_layer,quality,0.4983,0.5136,-0.0559
slot_norm_max,geometry,scalar,quality,0.4990,0.5034,-0.0082
ll_entropy_w_l@6,confidence,per_layer,quality,0.5036,0.4772,0.0287
ll_argmax_agree_final_l@16,agreement,per_layer,quality,0.5000,0.5000,
ll_conf_w_l@12,confidence,per_layer,quality,0.5125,0.4640,0.0118
ll_margin_w_l@17,confidence,per_layer,quality,0.5229,0.3999,0.0388
ll_entropy_w_l@1,confidence,per_layer,quality,0.4854,0.5824,-0.0514
drift_l@1,geometry,per_layer,quality,0.4954,0.5217,-0.0694
kl_w0,divergence,scalar,quality,0.5162,0.4415,0.1017
drift_l@28,geometry,per_layer,quality,0.5139,0.4276,0.0635
ll_margin_w_l@10,confidence,per_layer,quality,0.5121,0.5401,0.0112
ll_argmax_agree_final_l@11,agreement,per_layer,quality,0.5000,0.5000,
ll_argmax_agree_final_l@21,agreement,per_layer,quality,0.5000,0.5000,
ll_kl_wb_l@36,divergence,per_layer,quality,0.4862,0.4134,-0.0189
ll_kl_wb_l@13,divergence,per_layer,quality,0.5113,0.4450,0.0409
ll_argmax_agree_final_l@33,agreement,per_layer,quality,0.4989,0.5691,-0.0418
ll_margin_w_l@9,confidence,per_layer,quality,0.5029,0.4642,-0.0504
ll_argmax_agree_final_l@34,agreement,per_layer,quality,0.4642,0.4925,-0.0754
ll_kl_wb_l::early,divergence,derived,quality,0.5008,0.4740,-0.0257
ll_kl_wb_l@7,divergence,per_layer,quality,0.4995,0.5160,-0.0586
drift_l@30,geometry,per_layer,quality,0.5152,0.4244,0.0691
ll_margin_w_l@35,confidence,per_layer,quality,0.4650,0.5462,-0.0526
delta_last,geometry,scalar,quality,0.5107,0.5083,-0.0045
ll_margin_w_l@24,confidence,per_layer,quality,0.4944,0.4637,0.0121
ll_margin_w_l@28,confidence,per_layer,quality,0.5263,0.5455,0.0420
ll_margin_w_l@13,confidence,per_layer,quality,0.4857,0.4673,-0.0111
drift_l@2,geometry,per_layer,quality,0.4910,0.5036,-0.0719
ll_margin_w_l::mean,confidence,derived,quality,0.4772,0.5247,-0.0731
ll_margin_w_l::max,confidence,derived,quality,0.4854,0.5954,-0.0563
ll_conf_w_l@20,confidence,per_layer,quality,0.4762,0.4356,-0.0363
drift_l::min,geometry,derived,quality,0.5000,0.5000,
drift_l@31,geometry,per_layer,quality,0.5101,0.4234,0.0651
ll_margin_w_l@5,confidence,per_layer,quality,0.5078,0.5164,-0.0048
ll_kl_wb_l@34,divergence,per_layer,quality,0.4868,0.4483,0.0708
ll_argmax_agree_final_l@26,agreement,per_layer,quality,0.5000,0.5000,
drift_l@3,geometry,per_layer,quality,0.4930,0.5162,-0.0733
ll_argmax_agree_final_l@20,agreement,per_layer,quality,0.5000,0.5000,
ll_margin_w_l@33,confidence,per_layer,quality,0.4970,0.4384,0.0260
span_entropy_mean,confidence,scalar,quality,0.5201,0.4350,0.1158
ll_margin_w_l::mid,confidence,derived,quality,0.4710,0.4143,-0.0920
seq_logprob,confidence,scalar,quality,0.4709,0.5401,0.0238
ll_kl_wb_l@2,divergence,per_layer,quality,0.4906,0.5058,-0.0595
ll_conf_w_l@6,confidence,per_layer,quality,0.4936,0.4448,-0.1033
ll_kl_wb_l@19,divergence,per_layer,quality,0.5210,0.4391,0.0424
ll_argmax_agree_final_l@13,agreement,per_layer,quality,0.5000,0.5000,
drift_l@11,geometry,per_layer,quality,0.4958,0.4234,-0.0016
drift_l@10,geometry,per_layer,quality,0.4988,0.4487,-0.0253
ll_entropy_w_l@8,confidence,per_layer,quality,0.5150,0.5170,0.1069
drift_l@29,geometry,per_layer,quality,0.5145,0.4286,0.0693
ll_entropy_w_l@32,confidence,per_layer,quality,0.4994,0.5196,0.0205
ll_argmax_agree_final_l@2,agreement,per_layer,quality,0.5000,0.5000,
ll_kl_wb_l@17,divergence,per_layer,quality,0.5256,0.4328,0.0958
ll_conf_w_l::early,confidence,derived,quality,0.5052,0.4448,-0.0405
ll_conf_w_l@15,confidence,per_layer,quality,0.4862,0.5183,-0.0486
ll_margin_w_l@11,confidence,per_layer,quality,0.5088,0.5089,0.0258
ll_conf_w_l@18,confidence,per_layer,quality,0.5146,0.4198,-0.0033
ll_kl_wb_l::min,divergence,derived,quality,0.5000,0.5000,
drift_l@0,geometry,per_layer,quality,0.5000,0.5000,
ll_argmax_agree_final_l@1,agreement,per_layer,quality,0.5000,0.5000,
entropy_0,confidence,scalar,quality,0.5408,0.4610,0.0596
ll_entropy_w_l::mean,confidence,derived,quality,0.4962,0.5345,0.0128
ll_entropy_w_l@35,confidence,per_layer,quality,0.5294,0.4553,0.0284
ll_entropy_w_l@17,confidence,per_layer,quality,0.4979,0.5241,0.0379
ll_margin_w_l::slope,confidence,derived,quality,0.4825,0.5769,-0.0383
ll_entropy_w_l@27,confidence,per_layer,quality,0.4832,0.4668,-0.0135
ll_margin_w_l@22,confidence,per_layer,quality,0.4646,0.4585,-0.0763
ll_conf_w_l@5,confidence,per_layer,quality,0.5170,0.5668,-0.0262
ll_entropy_w_l@10,confidence,per_layer,quality,0.4940,0.4582,0.0251
delta_mean,geometry,scalar,quality,0.4998,0.5194,-0.0134
ll_argmax_agree_final_l@7,agreement,per_layer,quality,0.5000,0.5000,
ll_argmax_agree_final_l@18,agreement,per_layer,quality,0.5000,0.5000,
drift_l@16,geometry,per_layer,quality,0.5063,0.4374,0.0223
first_tok_agree,agreement,scalar,quality,0.4900,0.4836,-0.0298
span_entropy_min,confidence,scalar,quality,0.5092,0.4295,0.1176
ll_argmax_agree_final_l::mean,agreement,derived,quality,0.4740,0.5716,-0.0734
ll_margin_w_l::late,confidence,derived,quality,0.4831,0.5658,-0.0414
ll_argmax_agree_final_l@5,agreement,per_layer,quality,0.5000,0.5000,
ll_conf_w_l@17,confidence,per_layer,quality,0.5131,0.4225,-0.0019
ll_kl_wb_l@21,divergence,per_layer,quality,0.5124,0.4051,0.0319
ll_argmax_agree_final_l@25,agreement,per_layer,quality,0.5024,0.5015,0.0172
drift_l@35,geometry,per_layer,quality,0.4848,0.3855,-0.0160
ll_argmax_agree_final_l::early,agreement,derived,quality,0.5000,0.5000,
ll_margin_w_l@16,confidence,per_layer,quality,0.5054,0.5048,-0.0284
ll_argmax_agree_final_l@0,agreement,per_layer,quality,0.5000,0.5000,
ll_conf_w_l::mean,confidence,derived,quality,0.4869,0.5132,-0.0566
ll_conf_w_l@35,confidence,per_layer,quality,0.4617,0.5582,-0.0499
ll_conf_w_l@25,confidence,per_layer,quality,0.4999,0.4795,0.0622
ll_conf_w_l::max,confidence,derived,quality,0.4865,0.6000,-0.0558
perplexity,confidence,scalar,quality,0.5143,0.4062,0.0281
ll_conf_w_l@16,confidence,per_layer,quality,0.4924,0.5241,-0.0521
ll_conf_w_l@21,confidence,per_layer,quality,0.4960,0.4367,-0.0740
drift_l@21,geometry,per_layer,quality,0.5118,0.4366,0.0454
ll_kl_wb_l@5,divergence,per_layer,quality,0.5029,0.5202,-0.0359
ll_kl_wb_l@33,divergence,per_layer,quality,0.4972,0.4909,0.0282
ll_argmax_agree_final_l@30,agreement,per_layer,quality,0.4889,0.4964,-0.0409
ll_margin_w_l@25,confidence,per_layer,quality,0.4863,0.4594,0.0024
ll_kl_wb_l@23,divergence,per_layer,quality,0.5066,0.4401,0.0144
ll_kl_wb_l@24,divergence,per_layer,quality,0.5046,0.4624,0.0014
drift_l::mid,geometry,derived,quality,0.5083,0.4252,0.0315
ll_argmax_agree_final_l@17,agreement,per_layer,quality,0.5000,0.5000,
drift_l@23,geometry,per_layer,quality,0.5108,0.4269,0.0415
ll_conf_w_l@33,confidence,per_layer,quality,0.5020,0.4456,0.0151
ll_kl_wb_l@28,divergence,per_layer,quality,0.4894,0.4493,0.0130
ll_entropy_w_l@21,confidence,per_layer,quality,0.4940,0.6003,0.0274
ll_entropy_w_l@3,confidence,per_layer,quality,0.4890,0.5656,-0.0227
ll_argmax_agree_final_l::late,agreement,derived,quality,0.4740,0.5716,-0.0734
ll_kl_wb_l@29,divergence,per_layer,quality,0.4768,0.4342,-0.0049
ll_conf_w_l@24,confidence,per_layer,quality,0.5029,0.4811,0.0412
ll_kl_wb_l@20,divergence,per_layer,quality,0.4969,0.4083,0.0019
ll_conf_w_l@11,confidence,per_layer,quality,0.5005,0.5256,0.0070
ll_entropy_w_l@2,confidence,per_layer,quality,0.4873,0.5730,-0.0586
ll_conf_w_l@27,confidence,per_layer,quality,0.5225,0.5254,0.0156
ll_conf_w_l@28,confidence,per_layer,quality,0.5282,0.5481,0.0441
ll_argmax_agree_final_l::mid,agreement,derived,quality,0.5000,0.5000,
ll_kl_wb_l@18,divergence,per_layer,quality,0.5145,0.4298,0.0410
ll_margin_w_l@19,confidence,per_layer,quality,0.4847,0.4731,-0.0744
ll_argmax_agree_final_l@29,agreement,per_layer,quality,0.4997,0.5178,0.0103
q_chunk_max_cos,geometry,scalar,quality,0.5219,0.5528,0.2203
drift_l@5,geometry,per_layer,quality,0.5030,0.5259,-0.0381
ll_kl_wb_l@4,divergence,per_layer,quality,0.4871,0.5056,-0.0664
drift_l::slope,geometry,derived,quality,0.5059,0.4454,0.0769
ll_entropy_w_l::min,confidence,derived,quality,0.5129,0.3963,0.0546
drift_mem,geometry,scalar,quality,0.4952,0.5015,-0.0138
q_chunk_mean_cos,geometry,scalar,quality,0.5157,0.5035,0.2016
ll_entropy_w_l::slope,confidence,derived,quality,0.4963,0.4643,-0.0184
ll_kl_wb_l::mean,divergence,derived,quality,0.4822,0.4111,-0.0111
span_conf_mean,confidence,scalar,quality,0.4782,0.5812,-0.1093
ll_entropy_w_l::mid,confidence,derived,quality,0.5118,0.5867,0.0368
ll_entropy_w_l@0,confidence,per_layer,quality,0.5000,0.5000,
ll_argmax_agree_final_l::min,agreement,derived,quality,0.5000,0.5000,
ll_kl_wb_l::mid,divergence,derived,quality,0.5120,0.4213,0.0319
ll_conf_w_l@7,confidence,per_layer,quality,0.5173,0.5605,-0.0342
ll_conf_w_l@34,confidence,per_layer,quality,0.4836,0.5790,-0.0450
ll_margin_w_l@34,confidence,per_layer,quality,0.4843,0.5821,-0.0459
drift_l@17,geometry,per_layer,quality,0.5065,0.4251,0.0254
ll_conf_w_l::min,confidence,derived,quality,0.4904,0.4511,-0.1020
ll_argmax_agree_final_l@4,agreement,per_layer,quality,0.5000,0.5000,
margin_0,confidence,scalar,quality,0.4623,0.5320,-0.0656
ll_entropy_w_l@18,confidence,per_layer,quality,0.4900,0.5513,0.0277
drift_l@9,geometry,per_layer,quality,0.5018,0.4752,-0.0198
ll_conf_w_l@32,confidence,per_layer,quality,0.5040,0.5235,-0.0350
mem_influence_argmax_change,agreement,scalar,quality,0.5080,0.5233,0.0264
ll_argmax_agree_final_l@15,agreement,per_layer,quality,0.5000,0.5000,
ll_kl_wb_l@26,divergence,per_layer,quality,0.5059,0.4778,0.0070
ll_margin_w_l@31,confidence,per_layer,quality,0.4893,0.4631,-0.0108
ll_entropy_w_l@7,confidence,per_layer,quality,0.4913,0.4472,0.0484
ll_margin_w_l@4,confidence,per_layer,quality,0.4858,0.4578,0.0448
ll_conf_w_l@9,confidence,per_layer,quality,0.5019,0.4500,-0.0514
drift_l::late,geometry,derived,quality,0.5085,0.4050,0.0541
ll_kl_wb_l@30,divergence,per_layer,quality,0.4986,0.4918,0.0654
ll_argmax_agree_final_l@3,agreement,per_layer,quality,0.5000,0.5000,
ll_entropy_w_l@4,confidence,per_layer,quality,0.4918,0.5418,-0.0622
ll_margin_w_l@30,confidence,per_layer,quality,0.4797,0.5454,-0.0806
ll_kl_wb_l@35,divergence,per_layer,quality,0.5149,0.4313,0.0594
ll_margin_w_l::min,confidence,derived,quality,0.4966,0.4690,-0.0054
ll_entropy_w_l@22,confidence,per_layer,quality,0.5294,0.5478,0.0660
drift_l@18,geometry,per_layer,quality,0.5061,0.4171,0.0325
ll_kl_wb_l@16,divergence,per_layer,quality,0.5167,0.4460,0.0431
ll_margin_w_l::early,confidence,derived,quality,0.5045,0.4661,-0.0326
js_w0,divergence,scalar,quality,0.5114,0.4283,0.0914
ll_conf_w_l@26,confidence,per_layer,quality,0.4854,0.5015,-0.0358
ll_margin_w_l@32,confidence,per_layer,quality,0.5056,0.5401,-0.0409
ll_kl_wb_l::slope,divergence,derived,quality,0.4801,0.4345,0.0142
drift_l::early,geometry,derived,quality,0.5028,0.4899,-0.0323
ll_conf_w_l@8,confidence,per_layer,quality,0.4760,0.4563,-0.1089
ll_conf_w_l@36,confidence,per_layer,quality,0.5046,0.5960,0.0105
delta_trend,geometry,scalar,quality,0.5343,0.5459,0.0317
ll_entropy_w_l@36,confidence,per_layer,quality,0.4803,0.3844,-0.0304
drift_l@8,geometry,per_layer,quality,0.5047,0.4862,-0.0161
ll_argmax_agree_final_l@12,agreement,per_layer,quality,0.5000,0.5000,
ll_kl_wb_l@14,divergence,per_layer,quality,0.5142,0.4310,0.0463
margin_w,confidence,scalar,quality,0.4541,0.5534,-0.1078
drift_l@36,geometry,per_layer,quality,0.4816,0.4286,-0.0351
ll_entropy_w_l@11,confidence,per_layer,quality,0.5069,0.4688,0.0021
ll_entropy_w_l::early,confidence,derived,quality,0.4938,0.5498,-0.0011
slot_active_frac,geometry,scalar,quality,0.5082,0.5473,-0.0336
drift_l@22,geometry,per_layer,quality,0.5109,0.4388,0.0532
ll_conf_w_l@2,confidence,per_layer,quality,0.5079,0.4604,0.0373
slot_norm_std,geometry,scalar,quality,0.5268,0.5679,0.0557
drift_l@26,geometry,per_layer,quality,0.5137,0.4227,0.0406
ll_conf_w_l@1,confidence,per_layer,quality,0.4952,0.4269,-0.0167
ll_kl_wb_l::late,divergence,derived,quality,0.4744,0.4184,-0.0084
slot_norm_mean,geometry,scalar,quality,0.4952,0.5015,-0.0139
ll_argmax_agree_final_l::max,agreement,derived,quality,0.4775,0.5032,-0.0702
conf_w,confidence,scalar,quality,0.4517,0.5528,-0.1096
drift_l@12,geometry,per_layer,quality,0.5033,0.4162,0.0150
ll_entropy_w_l::max,confidence,derived,quality,0.5036,0.4772,0.0287
ll_kl_wb_l@32,divergence,per_layer,quality,0.4875,0.4876,0.0451
ll_entropy_w_l@30,confidence,per_layer,quality,0.5352,0.4651,0.1153
drift_l@33,geometry,per_layer,quality,0.5063,0.4064,0.0594
ll_conf_w_l@14,confidence,per_layer,quality,0.4839,0.4413,-0.0002
ll_entropy_w_l@20,confidence,per_layer,quality,0.5026,0.5622,0.0098
top5_mass_w,confidence,scalar,quality,0.4642,0.5060,-0.0962
drift_l@24,geometry,per_layer,quality,0.5095,0.4311,0.0356
ll_entropy_w_l@24,confidence,per_layer,quality,0.4972,0.5175,-0.0564
drift_l::max,geometry,derived,quality,0.4760,0.4207,-0.0569
ll_margin_w_l@8,confidence,per_layer,quality,0.4827,0.4713,-0.0905
ll_conf_w_l@3,confidence,per_layer,quality,0.5153,0.4805,0.0223
ll_argmax_agree_final_l::slope,agreement,derived,quality,0.4740,0.5716,-0.0734
ll_margin_w_l@21,confidence,per_layer,quality,0.4977,0.4634,-0.0657
ll_margin_w_l@29,confidence,per_layer,quality,0.5131,0.5465,0.0325
ll_argmax_agree_final_l@24,agreement,per_layer,quality,0.5000,0.5000,
ll_kl_wb_l@8,divergence,per_layer,quality,0.5050,0.4911,-0.0114
q_chunk_spread,geometry,scalar,quality,0.5089,0.5202,-0.0401
ll_kl_wb_l@31,divergence,per_layer,quality,0.4855,0.4753,-0.0094
ll_argmax_agree_final_l@27,agreement,per_layer,quality,0.4998,0.5019,-0.0410
ll_kl_wb_l@1,divergence,per_layer,quality,0.4967,0.5184,-0.0710
ll_entropy_w_l@26,confidence,per_layer,quality,0.5124,0.4811,0.0066
ll_kl_wb_l@10,divergence,per_layer,quality,0.5018,0.4599,-0.0146
ll_conf_w_l@23,confidence,per_layer,quality,0.4892,0.5019,-0.0100
ll_argmax_agree_final_l@28,agreement,per_layer,quality,0.4981,0.5015,-0.0597
ll_margin_w_l@36,confidence,per_layer,quality,0.5000,0.5784,0.0122
ll_entropy_w_l@19,confidence,per_layer,quality,0.4959,0.5956,0.0122
ll_entropy_w_l@28,confidence,per_layer,quality,0.4734,0.4425,-0.0374
ll_conf_w_l::mid,confidence,derived,quality,0.4744,0.4022,-0.0764
ll_margin_w_l@27,confidence,per_layer,quality,0.5197,0.5093,0.0088
drift_l@20,geometry,per_layer,quality,0.5099,0.4167,0.0413
drift_l::mean,geometry,derived,quality,0.5024,0.4173,0.0096
ll_conf_w_l@13,confidence,per_layer,quality,0.4899,0.4842,-0.0175
ll_kl_wb_l@27,divergence,per_layer,quality,0.5099,0.4698,0.0334
conf_0,confidence,scalar,quality,0.4595,0.5355,-0.0707
drift_l@25,geometry,per_layer,quality,0.5106,0.4268,0.0422
delta_max,geometry,scalar,quality,0.4948,0.5319,-0.0341
ll_conf_w_l@0,confidence,per_layer,quality,0.5000,0.5000,
ll_entropy_w_l@12,confidence,per_layer,quality,0.5011,0.5471,-0.0001
ll_entropy_w_l@34,confidence,per_layer,quality,0.5137,0.4494,0.0377
ll_conf_w_l@31,confidence,per_layer,quality,0.4937,0.4702,0.0021
ll_margin_w_l@12,confidence,per_layer,quality,0.5155,0.4638,0.0085
ll_kl_wb_l@3,divergence,per_layer,quality,0.4906,0.5007,-0.0663
ll_kl_wb_l@9,divergence,per_layer,quality,0.5018,0.4799,-0.0197
span_entropy_last,confidence,scalar,quality,0.5324,0.4269,0.1183
ll_argmax_agree_final_l@31,agreement,per_layer,quality,0.4938,0.5048,-0.0374
ll_argmax_agree_final_l@10,agreement,per_layer,quality,0.5000,0.5000,
ll_argmax_agree_final_l@8,agreement,per_layer,quality,0.5000,0.5000,
ll_entropy_w_l@25,confidence,per_layer,quality,0.4888,0.4988,-0.0918
ll_entropy_w_l@23,confidence,per_layer,quality,0.5105,0.4643,-0.0220
ll_margin_w_l@2,confidence,per_layer,quality,0.5125,0.4843,0.0476
drift_l@34,geometry,per_layer,quality,0.5034,0.3962,0.0465
ll_entropy_w_l@33,confidence,per_layer,quality,0.4922,0.5386,-0.0238
ll_conf_w_l@29,confidence,per_layer,quality,0.5196,0.5477,0.0287
ll_margin_w_l@3,confidence,per_layer,quality,0.5228,0.5166,0.0451
ll_margin_w_l@26,confidence,per_layer,quality,0.4873,0.4916,-0.0327
ll_kl_wb_l@6,divergence,per_layer,quality,0.5014,0.5219,-0.0501
ll_kl_wb_l@12,divergence,per_layer,quality,0.5073,0.4364,0.0198
ll_argmax_agree_final_l@14,agreement,per_layer,quality,0.5000,0.5000,
ll_kl_wb_l@25,divergence,per_layer,quality,0.5032,0.4451,-0.0246
ll_kl_wb_l@22,divergence,per_layer,quality,0.5123,0.4285,0.0288
ll_entropy_w_l@13,confidence,per_layer,quality,0.5139,0.5322,0.0505
ll_conf_w_l@19,confidence,per_layer,quality,0.4869,0.4496,-0.0649
ll_margin_w_l@18,confidence,per_layer,quality,0.5136,0.4064,-0.0056
ll_margin_w_l@23,confidence,per_layer,quality,0.4766,0.4769,-0.0331
drift_l@19,geometry,per_layer,quality,0.5087,0.4194,0.0361
mem_influence_kl,divergence,scalar,quality,0.5183,0.4385,0.1041
drift_l@15,geometry,per_layer,quality,0.5036,0.4308,0.0222
ll_entropy_w_l@31,confidence,per_layer,quality,0.5011,0.5361,-0.0076
ll_conf_w_l::late,confidence,derived,quality,0.4932,0.5590,-0.0216
ll_argmax_agree_final_l@36,agreement,per_layer,quality,0.5141,0.5236,0.0015
drift_l@13,geometry,per_layer,quality,0.5046,0.4163,0.0277
ll_argmax_agree_final_l@23,agreement,per_layer,quality,0.5000,0.5000,
ll_margin_w_l@14,confidence,per_layer,quality,0.4878,0.4463,-0.0053
ll_margin_w_l@1,confidence,per_layer,quality,0.4951,0.4421,-0.0064
drift_l@14,geometry,per_layer,quality,0.5039,0.4203,0.0240
ll_entropy_w_l@5,confidence,per_layer,quality,0.4907,0.4927,0.0038
ll_argmax_agree_final_l@6,agreement,per_layer,quality,0.5000,0.5000,
kl_0w,divergence,scalar,quality,0.5058,0.4238,0.0833
ll_argmax_agree_final_l@19,agreement,per_layer,quality,0.5000,0.5000,
drift_l@32,geometry,per_layer,quality,0.5081,0.4177,0.0688
tv_w0,divergence,scalar,quality,0.5058,0.4385,0.0829
ll_entropy_w_l@9,confidence,per_layer,quality,0.5014,0.4998,0.0245
ll_kl_wb_l@11,divergence,per_layer,quality,0.4985,0.4231,0.0121
ll_margin_w_l@7,confidence,per_layer,quality,0.5066,0.5419,-0.0322
entropy_w,confidence,scalar,quality,0.5462,0.4548,0.1083
drift_l@4,geometry,per_layer,ruler_niah,,,
ll_entropy_w_l@29,confidence,per_layer,ruler_niah,,,
ll_argmax_agree_final_l@32,agreement,per_layer,ruler_niah,,,
ll_conf_w_l@4,confidence,per_layer,ruler_niah,,,
ll_argmax_agree_final_l@22,agreement,per_layer,ruler_niah,,,
drift_l@6,geometry,per_layer,ruler_niah,,,
ll_margin_w_l@15,confidence,per_layer,ruler_niah,,,
ll_argmax_agree_final_l@9,agreement,per_layer,ruler_niah,,,
ll_argmax_agree_final_l@35,agreement,per_layer,ruler_niah,,,
ll_kl_wb_l@15,divergence,per_layer,ruler_niah,,,
ll_kl_wb_l::max,divergence,derived,ruler_niah,,,
ll_entropy_w_l@15,confidence,per_layer,ruler_niah,,,
drift_l@27,geometry,per_layer,ruler_niah,,,
ll_entropy_w_l@16,confidence,per_layer,ruler_niah,,,
ll_entropy_w_l@14,confidence,per_layer,ruler_niah,,,
ll_margin_w_l@20,confidence,per_layer,ruler_niah,,,
ll_conf_w_l@10,confidence,per_layer,ruler_niah,,,
ll_kl_wb_l@0,divergence,per_layer,ruler_niah,,,
ll_conf_w_l::slope,confidence,derived,ruler_niah,,,
ll_conf_w_l@22,confidence,per_layer,ruler_niah,,,
ll_conf_w_l@30,confidence,per_layer,ruler_niah,,,
ll_margin_w_l@0,confidence,per_layer,ruler_niah,,,
ll_margin_w_l@6,confidence,per_layer,ruler_niah,,,
ll_entropy_w_l::late,confidence,derived,ruler_niah,,,
drift_l@7,geometry,per_layer,ruler_niah,,,
slot_norm_max,geometry,scalar,ruler_niah,,,
ll_entropy_w_l@6,confidence,per_layer,ruler_niah,,,
ll_argmax_agree_final_l@16,agreement,per_layer,ruler_niah,,,
ll_conf_w_l@12,confidence,per_layer,ruler_niah,,,
ll_margin_w_l@17,confidence,per_layer,ruler_niah,,,
ll_entropy_w_l@1,confidence,per_layer,ruler_niah,,,
drift_l@1,geometry,per_layer,ruler_niah,,,
kl_w0,divergence,scalar,ruler_niah,,,
drift_l@28,geometry,per_layer,ruler_niah,,,
ll_margin_w_l@10,confidence,per_layer,ruler_niah,,,
ll_argmax_agree_final_l@11,agreement,per_layer,ruler_niah,,,
ll_argmax_agree_final_l@21,agreement,per_layer,ruler_niah,,,
ll_kl_wb_l@36,divergence,per_layer,ruler_niah,,,
ll_kl_wb_l@13,divergence,per_layer,ruler_niah,,,
ll_argmax_agree_final_l@33,agreement,per_layer,ruler_niah,,,
ll_margin_w_l@9,confidence,per_layer,ruler_niah,,,
ll_argmax_agree_final_l@34,agreement,per_layer,ruler_niah,,,
ll_kl_wb_l::early,divergence,derived,ruler_niah,,,
ll_kl_wb_l@7,divergence,per_layer,ruler_niah,,,
drift_l@30,geometry,per_layer,ruler_niah,,,
ll_margin_w_l@35,confidence,per_layer,ruler_niah,,,
delta_last,geometry,scalar,ruler_niah,,,
ll_margin_w_l@24,confidence,per_layer,ruler_niah,,,
ll_margin_w_l@28,confidence,per_layer,ruler_niah,,,
ll_margin_w_l@13,confidence,per_layer,ruler_niah,,,
drift_l@2,geometry,per_layer,ruler_niah,,,
ll_margin_w_l::mean,confidence,derived,ruler_niah,,,
ll_margin_w_l::max,confidence,derived,ruler_niah,,,
ll_conf_w_l@20,confidence,per_layer,ruler_niah,,,
drift_l::min,geometry,derived,ruler_niah,,,
drift_l@31,geometry,per_layer,ruler_niah,,,
ll_margin_w_l@5,confidence,per_layer,ruler_niah,,,
ll_kl_wb_l@34,divergence,per_layer,ruler_niah,,,
ll_argmax_agree_final_l@26,agreement,per_layer,ruler_niah,,,
drift_l@3,geometry,per_layer,ruler_niah,,,
ll_argmax_agree_final_l@20,agreement,per_layer,ruler_niah,,,
ll_margin_w_l@33,confidence,per_layer,ruler_niah,,,
span_entropy_mean,confidence,scalar,ruler_niah,,,
ll_margin_w_l::mid,confidence,derived,ruler_niah,,,
seq_logprob,confidence,scalar,ruler_niah,,,
ll_kl_wb_l@2,divergence,per_layer,ruler_niah,,,
ll_conf_w_l@6,confidence,per_layer,ruler_niah,,,
ll_kl_wb_l@19,divergence,per_layer,ruler_niah,,,
ll_argmax_agree_final_l@13,agreement,per_layer,ruler_niah,,,
drift_l@11,geometry,per_layer,ruler_niah,,,
drift_l@10,geometry,per_layer,ruler_niah,,,
ll_entropy_w_l@8,confidence,per_layer,ruler_niah,,,
drift_l@29,geometry,per_layer,ruler_niah,,,
ll_entropy_w_l@32,confidence,per_layer,ruler_niah,,,
ll_argmax_agree_final_l@2,agreement,per_layer,ruler_niah,,,
ll_kl_wb_l@17,divergence,per_layer,ruler_niah,,,
ll_conf_w_l::early,confidence,derived,ruler_niah,,,
ll_conf_w_l@15,confidence,per_layer,ruler_niah,,,
ll_margin_w_l@11,confidence,per_layer,ruler_niah,,,
ll_conf_w_l@18,confidence,per_layer,ruler_niah,,,
ll_kl_wb_l::min,divergence,derived,ruler_niah,,,
drift_l@0,geometry,per_layer,ruler_niah,,,
ll_argmax_agree_final_l@1,agreement,per_layer,ruler_niah,,,
entropy_0,confidence,scalar,ruler_niah,,,
ll_entropy_w_l::mean,confidence,derived,ruler_niah,,,
ll_entropy_w_l@35,confidence,per_layer,ruler_niah,,,
ll_entropy_w_l@17,confidence,per_layer,ruler_niah,,,
ll_margin_w_l::slope,confidence,derived,ruler_niah,,,
ll_entropy_w_l@27,confidence,per_layer,ruler_niah,,,
ll_margin_w_l@22,confidence,per_layer,ruler_niah,,,
ll_conf_w_l@5,confidence,per_layer,ruler_niah,,,
ll_entropy_w_l@10,confidence,per_layer,ruler_niah,,,
delta_mean,geometry,scalar,ruler_niah,,,
ll_argmax_agree_final_l@7,agreement,per_layer,ruler_niah,,,
ll_argmax_agree_final_l@18,agreement,per_layer,ruler_niah,,,
drift_l@16,geometry,per_layer,ruler_niah,,,
first_tok_agree,agreement,scalar,ruler_niah,,,
span_entropy_min,confidence,scalar,ruler_niah,,,
ll_argmax_agree_final_l::mean,agreement,derived,ruler_niah,,,
ll_margin_w_l::late,confidence,derived,ruler_niah,,,
ll_argmax_agree_final_l@5,agreement,per_layer,ruler_niah,,,
ll_conf_w_l@17,confidence,per_layer,ruler_niah,,,
ll_kl_wb_l@21,divergence,per_layer,ruler_niah,,,
ll_argmax_agree_final_l@25,agreement,per_layer,ruler_niah,,,
drift_l@35,geometry,per_layer,ruler_niah,,,
ll_argmax_agree_final_l::early,agreement,derived,ruler_niah,,,
ll_margin_w_l@16,confidence,per_layer,ruler_niah,,,
ll_argmax_agree_final_l@0,agreement,per_layer,ruler_niah,,,
ll_conf_w_l::mean,confidence,derived,ruler_niah,,,
ll_conf_w_l@35,confidence,per_layer,ruler_niah,,,
ll_conf_w_l@25,confidence,per_layer,ruler_niah,,,
ll_conf_w_l::max,confidence,derived,ruler_niah,,,
perplexity,confidence,scalar,ruler_niah,,,
ll_conf_w_l@16,confidence,per_layer,ruler_niah,,,
ll_conf_w_l@21,confidence,per_layer,ruler_niah,,,
drift_l@21,geometry,per_layer,ruler_niah,,,
ll_kl_wb_l@5,divergence,per_layer,ruler_niah,,,
ll_kl_wb_l@33,divergence,per_layer,ruler_niah,,,
ll_argmax_agree_final_l@30,agreement,per_layer,ruler_niah,,,
ll_margin_w_l@25,confidence,per_layer,ruler_niah,,,
ll_kl_wb_l@23,divergence,per_layer,ruler_niah,,,
ll_kl_wb_l@24,divergence,per_layer,ruler_niah,,,
drift_l::mid,geometry,derived,ruler_niah,,,
ll_argmax_agree_final_l@17,agreement,per_layer,ruler_niah,,,
drift_l@23,geometry,per_layer,ruler_niah,,,
ll_conf_w_l@33,confidence,per_layer,ruler_niah,,,
ll_kl_wb_l@28,divergence,per_layer,ruler_niah,,,
ll_entropy_w_l@21,confidence,per_layer,ruler_niah,,,
ll_entropy_w_l@3,confidence,per_layer,ruler_niah,,,
ll_argmax_agree_final_l::late,agreement,derived,ruler_niah,,,
ll_kl_wb_l@29,divergence,per_layer,ruler_niah,,,
ll_conf_w_l@24,confidence,per_layer,ruler_niah,,,
ll_kl_wb_l@20,divergence,per_layer,ruler_niah,,,
ll_conf_w_l@11,confidence,per_layer,ruler_niah,,,
ll_entropy_w_l@2,confidence,per_layer,ruler_niah,,,
ll_conf_w_l@27,confidence,per_layer,ruler_niah,,,
ll_conf_w_l@28,confidence,per_layer,ruler_niah,,,
ll_argmax_agree_final_l::mid,agreement,derived,ruler_niah,,,
ll_kl_wb_l@18,divergence,per_layer,ruler_niah,,,
ll_margin_w_l@19,confidence,per_layer,ruler_niah,,,
ll_argmax_agree_final_l@29,agreement,per_layer,ruler_niah,,,
q_chunk_max_cos,geometry,scalar,ruler_niah,,,
drift_l@5,geometry,per_layer,ruler_niah,,,
ll_kl_wb_l@4,divergence,per_layer,ruler_niah,,,
drift_l::slope,geometry,derived,ruler_niah,,,
ll_entropy_w_l::min,confidence,derived,ruler_niah,,,
drift_mem,geometry,scalar,ruler_niah,,,
q_chunk_mean_cos,geometry,scalar,ruler_niah,,,
ll_entropy_w_l::slope,confidence,derived,ruler_niah,,,
ll_kl_wb_l::mean,divergence,derived,ruler_niah,,,
span_conf_mean,confidence,scalar,ruler_niah,,,
ll_entropy_w_l::mid,confidence,derived,ruler_niah,,,
ll_entropy_w_l@0,confidence,per_layer,ruler_niah,,,
ll_argmax_agree_final_l::min,agreement,derived,ruler_niah,,,
ll_kl_wb_l::mid,divergence,derived,ruler_niah,,,
ll_conf_w_l@7,confidence,per_layer,ruler_niah,,,
ll_conf_w_l@34,confidence,per_layer,ruler_niah,,,
ll_margin_w_l@34,confidence,per_layer,ruler_niah,,,
drift_l@17,geometry,per_layer,ruler_niah,,,
ll_conf_w_l::min,confidence,derived,ruler_niah,,,
ll_argmax_agree_final_l@4,agreement,per_layer,ruler_niah,,,
margin_0,confidence,scalar,ruler_niah,,,
ll_entropy_w_l@18,confidence,per_layer,ruler_niah,,,
drift_l@9,geometry,per_layer,ruler_niah,,,
ll_conf_w_l@32,confidence,per_layer,ruler_niah,,,
mem_influence_argmax_change,agreement,scalar,ruler_niah,,,
ll_argmax_agree_final_l@15,agreement,per_layer,ruler_niah,,,
ll_kl_wb_l@26,divergence,per_layer,ruler_niah,,,
ll_margin_w_l@31,confidence,per_layer,ruler_niah,,,
ll_entropy_w_l@7,confidence,per_layer,ruler_niah,,,
ll_margin_w_l@4,confidence,per_layer,ruler_niah,,,
ll_conf_w_l@9,confidence,per_layer,ruler_niah,,,
drift_l::late,geometry,derived,ruler_niah,,,
ll_kl_wb_l@30,divergence,per_layer,ruler_niah,,,
ll_argmax_agree_final_l@3,agreement,per_layer,ruler_niah,,,
ll_entropy_w_l@4,confidence,per_layer,ruler_niah,,,
ll_margin_w_l@30,confidence,per_layer,ruler_niah,,,
ll_kl_wb_l@35,divergence,per_layer,ruler_niah,,,
ll_margin_w_l::min,confidence,derived,ruler_niah,,,
ll_entropy_w_l@22,confidence,per_layer,ruler_niah,,,
drift_l@18,geometry,per_layer,ruler_niah,,,
ll_kl_wb_l@16,divergence,per_layer,ruler_niah,,,
ll_margin_w_l::early,confidence,derived,ruler_niah,,,
js_w0,divergence,scalar,ruler_niah,,,
ll_conf_w_l@26,confidence,per_layer,ruler_niah,,,
ll_margin_w_l@32,confidence,per_layer,ruler_niah,,,
ll_kl_wb_l::slope,divergence,derived,ruler_niah,,,
drift_l::early,geometry,derived,ruler_niah,,,
ll_conf_w_l@8,confidence,per_layer,ruler_niah,,,
ll_conf_w_l@36,confidence,per_layer,ruler_niah,,,
delta_trend,geometry,scalar,ruler_niah,,,
ll_entropy_w_l@36,confidence,per_layer,ruler_niah,,,
drift_l@8,geometry,per_layer,ruler_niah,,,
ll_argmax_agree_final_l@12,agreement,per_layer,ruler_niah,,,
ll_kl_wb_l@14,divergence,per_layer,ruler_niah,,,
margin_w,confidence,scalar,ruler_niah,,,
drift_l@36,geometry,per_layer,ruler_niah,,,
ll_entropy_w_l@11,confidence,per_layer,ruler_niah,,,
ll_entropy_w_l::early,confidence,derived,ruler_niah,,,
slot_active_frac,geometry,scalar,ruler_niah,,,
drift_l@22,geometry,per_layer,ruler_niah,,,
ll_conf_w_l@2,confidence,per_layer,ruler_niah,,,
slot_norm_std,geometry,scalar,ruler_niah,,,
drift_l@26,geometry,per_layer,ruler_niah,,,
ll_conf_w_l@1,confidence,per_layer,ruler_niah,,,
ll_kl_wb_l::late,divergence,derived,ruler_niah,,,
slot_norm_mean,geometry,scalar,ruler_niah,,,
ll_argmax_agree_final_l::max,agreement,derived,ruler_niah,,,
conf_w,confidence,scalar,ruler_niah,,,
drift_l@12,geometry,per_layer,ruler_niah,,,
ll_entropy_w_l::max,confidence,derived,ruler_niah,,,
ll_kl_wb_l@32,divergence,per_layer,ruler_niah,,,
ll_entropy_w_l@30,confidence,per_layer,ruler_niah,,,
drift_l@33,geometry,per_layer,ruler_niah,,,
ll_conf_w_l@14,confidence,per_layer,ruler_niah,,,
ll_entropy_w_l@20,confidence,per_layer,ruler_niah,,,
top5_mass_w,confidence,scalar,ruler_niah,,,
drift_l@24,geometry,per_layer,ruler_niah,,,
ll_entropy_w_l@24,confidence,per_layer,ruler_niah,,,
drift_l::max,geometry,derived,ruler_niah,,,
ll_margin_w_l@8,confidence,per_layer,ruler_niah,,,
ll_conf_w_l@3,confidence,per_layer,ruler_niah,,,
ll_argmax_agree_final_l::slope,agreement,derived,ruler_niah,,,
ll_margin_w_l@21,confidence,per_layer,ruler_niah,,,
ll_margin_w_l@29,confidence,per_layer,ruler_niah,,,
ll_argmax_agree_final_l@24,agreement,per_layer,ruler_niah,,,
ll_kl_wb_l@8,divergence,per_layer,ruler_niah,,,
q_chunk_spread,geometry,scalar,ruler_niah,,,
ll_kl_wb_l@31,divergence,per_layer,ruler_niah,,,
ll_argmax_agree_final_l@27,agreement,per_layer,ruler_niah,,,
ll_kl_wb_l@1,divergence,per_layer,ruler_niah,,,
ll_entropy_w_l@26,confidence,per_layer,ruler_niah,,,
ll_kl_wb_l@10,divergence,per_layer,ruler_niah,,,
ll_conf_w_l@23,confidence,per_layer,ruler_niah,,,
ll_argmax_agree_final_l@28,agreement,per_layer,ruler_niah,,,
ll_margin_w_l@36,confidence,per_layer,ruler_niah,,,
ll_entropy_w_l@19,confidence,per_layer,ruler_niah,,,
ll_entropy_w_l@28,confidence,per_layer,ruler_niah,,,
ll_conf_w_l::mid,confidence,derived,ruler_niah,,,
ll_margin_w_l@27,confidence,per_layer,ruler_niah,,,
drift_l@20,geometry,per_layer,ruler_niah,,,
drift_l::mean,geometry,derived,ruler_niah,,,
ll_conf_w_l@13,confidence,per_layer,ruler_niah,,,
ll_kl_wb_l@27,divergence,per_layer,ruler_niah,,,
conf_0,confidence,scalar,ruler_niah,,,
drift_l@25,geometry,per_layer,ruler_niah,,,
delta_max,geometry,scalar,ruler_niah,,,
ll_conf_w_l@0,confidence,per_layer,ruler_niah,,,
ll_entropy_w_l@12,confidence,per_layer,ruler_niah,,,
ll_entropy_w_l@34,confidence,per_layer,ruler_niah,,,
ll_conf_w_l@31,confidence,per_layer,ruler_niah,,,
ll_margin_w_l@12,confidence,per_layer,ruler_niah,,,
ll_kl_wb_l@3,divergence,per_layer,ruler_niah,,,
ll_kl_wb_l@9,divergence,per_layer,ruler_niah,,,
span_entropy_last,confidence,scalar,ruler_niah,,,
ll_argmax_agree_final_l@31,agreement,per_layer,ruler_niah,,,
ll_argmax_agree_final_l@10,agreement,per_layer,ruler_niah,,,
ll_argmax_agree_final_l@8,agreement,per_layer,ruler_niah,,,
ll_entropy_w_l@25,confidence,per_layer,ruler_niah,,,
ll_entropy_w_l@23,confidence,per_layer,ruler_niah,,,
ll_margin_w_l@2,confidence,per_layer,ruler_niah,,,
drift_l@34,geometry,per_layer,ruler_niah,,,
ll_entropy_w_l@33,confidence,per_layer,ruler_niah,,,
ll_conf_w_l@29,confidence,per_layer,ruler_niah,,,
ll_margin_w_l@3,confidence,per_layer,ruler_niah,,,
ll_margin_w_l@26,confidence,per_layer,ruler_niah,,,
ll_kl_wb_l@6,divergence,per_layer,ruler_niah,,,
ll_kl_wb_l@12,divergence,per_layer,ruler_niah,,,
ll_argmax_agree_final_l@14,agreement,per_layer,ruler_niah,,,
ll_kl_wb_l@25,divergence,per_layer,ruler_niah,,,
ll_kl_wb_l@22,divergence,per_layer,ruler_niah,,,
ll_entropy_w_l@13,confidence,per_layer,ruler_niah,,,
ll_conf_w_l@19,confidence,per_layer,ruler_niah,,,
ll_margin_w_l@18,confidence,per_layer,ruler_niah,,,
ll_margin_w_l@23,confidence,per_layer,ruler_niah,,,
drift_l@19,geometry,per_layer,ruler_niah,,,
mem_influence_kl,divergence,scalar,ruler_niah,,,
drift_l@15,geometry,per_layer,ruler_niah,,,
ll_entropy_w_l@31,confidence,per_layer,ruler_niah,,,
ll_conf_w_l::late,confidence,derived,ruler_niah,,,
ll_argmax_agree_final_l@36,agreement,per_layer,ruler_niah,,,
drift_l@13,geometry,per_layer,ruler_niah,,,
ll_argmax_agree_final_l@23,agreement,per_layer,ruler_niah,,,
ll_margin_w_l@14,confidence,per_layer,ruler_niah,,,
ll_margin_w_l@1,confidence,per_layer,ruler_niah,,,
drift_l@14,geometry,per_layer,ruler_niah,,,
ll_entropy_w_l@5,confidence,per_layer,ruler_niah,,,
ll_argmax_agree_final_l@6,agreement,per_layer,ruler_niah,,,
kl_0w,divergence,scalar,ruler_niah,,,
ll_argmax_agree_final_l@19,agreement,per_layer,ruler_niah,,,
drift_l@32,geometry,per_layer,ruler_niah,,,
tv_w0,divergence,scalar,ruler_niah,,,
ll_entropy_w_l@9,confidence,per_layer,ruler_niah,,,
ll_kl_wb_l@11,divergence,per_layer,ruler_niah,,,
ll_margin_w_l@7,confidence,per_layer,ruler_niah,,,
entropy_w,confidence,scalar,ruler_niah,,,
drift_l@4,geometry,per_layer,trivia_qa,0.5710,0.5569,0.0976
ll_entropy_w_l@29,confidence,per_layer,trivia_qa,0.4088,0.4999,-0.1658
ll_argmax_agree_final_l@32,agreement,per_layer,trivia_qa,0.4717,0.4889,-0.0922
ll_conf_w_l@4,confidence,per_layer,trivia_qa,0.4049,0.4127,-0.1233
ll_argmax_agree_final_l@22,agreement,per_layer,trivia_qa,0.5000,0.5000,
drift_l@6,geometry,per_layer,trivia_qa,0.5477,0.5378,0.0746
ll_margin_w_l@15,confidence,per_layer,trivia_qa,0.5206,0.5107,-0.0045
ll_argmax_agree_final_l@9,agreement,per_layer,trivia_qa,0.5000,0.5000,
ll_argmax_agree_final_l@35,agreement,per_layer,trivia_qa,0.5225,0.5054,0.0748
ll_kl_wb_l@15,divergence,per_layer,trivia_qa,0.4256,0.4080,-0.0497
ll_kl_wb_l::max,divergence,derived,trivia_qa,0.3010,0.3783,-0.2527
ll_entropy_w_l@15,confidence,per_layer,trivia_qa,0.4808,0.4856,-0.0250
drift_l@27,geometry,per_layer,trivia_qa,0.3175,0.3769,-0.2322
ll_entropy_w_l@16,confidence,per_layer,trivia_qa,0.3946,0.4190,-0.1136
ll_entropy_w_l@14,confidence,per_layer,trivia_qa,0.5488,0.5634,0.0457
ll_margin_w_l@20,confidence,per_layer,trivia_qa,0.5093,0.5043,-0.0063
ll_conf_w_l@10,confidence,per_layer,trivia_qa,0.5177,0.5030,0.0253
ll_kl_wb_l@0,divergence,per_layer,trivia_qa,0.5000,0.5000,
ll_conf_w_l::slope,confidence,derived,trivia_qa,0.6481,0.5002,0.2658
ll_conf_w_l@22,confidence,per_layer,trivia_qa,0.5014,0.5045,-0.0176
ll_conf_w_l@30,confidence,per_layer,trivia_qa,0.6188,0.5191,0.2049
ll_margin_w_l@0,confidence,per_layer,trivia_qa,0.5000,0.5000,
ll_margin_w_l@6,confidence,per_layer,trivia_qa,0.4791,0.4879,-0.0137
ll_entropy_w_l::late,confidence,derived,trivia_qa,0.3320,0.4970,-0.2935
drift_l@7,geometry,per_layer,trivia_qa,0.5432,0.5367,0.0711
slot_norm_max,geometry,scalar,trivia_qa,0.5305,0.5334,0.0481
ll_entropy_w_l@6,confidence,per_layer,trivia_qa,0.5121,0.4863,0.0400
ll_argmax_agree_final_l@16,agreement,per_layer,trivia_qa,0.5000,0.5000,
ll_conf_w_l@12,confidence,per_layer,trivia_qa,0.4584,0.4394,-0.0606
ll_margin_w_l@17,confidence,per_layer,trivia_qa,0.6097,0.5687,0.1335
ll_entropy_w_l@1,confidence,per_layer,trivia_qa,0.4576,0.4669,-0.0266
drift_l@1,geometry,per_layer,trivia_qa,0.5818,0.5741,0.0981
kl_w0,divergence,scalar,trivia_qa,0.3213,0.3306,-0.2805
drift_l@28,geometry,per_layer,trivia_qa,0.3091,0.3735,-0.2463
ll_margin_w_l@10,confidence,per_layer,trivia_qa,0.5222,0.4829,0.0345
ll_argmax_agree_final_l@11,agreement,per_layer,trivia_qa,0.5000,0.5000,
ll_argmax_agree_final_l@21,agreement,per_layer,trivia_qa,0.5000,0.5000,
ll_kl_wb_l@36,divergence,per_layer,trivia_qa,0.3739,0.4021,-0.1755
ll_kl_wb_l@13,divergence,per_layer,trivia_qa,0.4396,0.4273,-0.0444
ll_argmax_agree_final_l@33,agreement,per_layer,trivia_qa,0.4682,0.4905,-0.0897
ll_margin_w_l@9,confidence,per_layer,trivia_qa,0.5251,0.5199,0.0258
ll_argmax_agree_final_l@34,agreement,per_layer,trivia_qa,0.5020,0.5044,-0.0039
ll_kl_wb_l::early,divergence,derived,trivia_qa,0.5042,0.4921,0.0241
ll_kl_wb_l@7,divergence,per_layer,trivia_qa,0.5523,0.5446,0.0779
drift_l@30,geometry,per_layer,trivia_qa,0.3088,0.3688,-0.2523
ll_margin_w_l@35,confidence,per_layer,trivia_qa,0.5968,0.5126,0.1838
delta_last,geometry,scalar,trivia_qa,0.5112,0.5375,0.0149
ll_margin_w_l@24,confidence,per_layer,trivia_qa,0.4240,0.4839,-0.0992
ll_margin_w_l@28,confidence,per_layer,trivia_qa,0.5110,0.4833,0.0447
ll_margin_w_l@13,confidence,per_layer,trivia_qa,0.4830,0.4505,0.0149
drift_l@2,geometry,per_layer,trivia_qa,0.5734,0.5625,0.0911
ll_margin_w_l::mean,confidence,derived,trivia_qa,0.6189,0.4975,0.2267
ll_margin_w_l::max,confidence,derived,trivia_qa,0.6501,0.5124,0.2452
ll_conf_w_l@20,confidence,per_layer,trivia_qa,0.5109,0.5199,-0.0133
drift_l::min,geometry,derived,trivia_qa,0.5000,0.5000,
drift_l@31,geometry,per_layer,trivia_qa,0.3059,0.3671,-0.2552
ll_margin_w_l@5,confidence,per_layer,trivia_qa,0.4950,0.4901,0.0256
ll_kl_wb_l@34,divergence,per_layer,trivia_qa,0.2294,0.3852,-0.3956
ll_argmax_agree_final_l@26,agreement,per_layer,trivia_qa,0.4558,0.4633,-0.0898
drift_l@3,geometry,per_layer,trivia_qa,0.5664,0.5545,0.0904
ll_argmax_agree_final_l@20,agreement,per_layer,trivia_qa,0.5000,0.5000,
ll_margin_w_l@33,confidence,per_layer,trivia_qa,0.6085,0.4829,0.1905
span_entropy_mean,confidence,scalar,trivia_qa,0.3824,0.4801,-0.2435
ll_margin_w_l::mid,confidence,derived,trivia_qa,0.4996,0.5273,-0.0163
seq_logprob,confidence,scalar,trivia_qa,0.7686,0.6264,0.3573
ll_kl_wb_l@2,divergence,per_layer,trivia_qa,0.5628,0.5507,0.0819
ll_conf_w_l@6,confidence,per_layer,trivia_qa,0.4700,0.4731,-0.0392
ll_kl_wb_l@19,divergence,per_layer,trivia_qa,0.3851,0.3937,-0.1157
ll_argmax_agree_final_l@13,agreement,per_layer,trivia_qa,0.5000,0.5000,
drift_l@11,geometry,per_layer,trivia_qa,0.4714,0.4473,-0.0013
drift_l@10,geometry,per_layer,trivia_qa,0.4930,0.4769,0.0248
ll_entropy_w_l@8,confidence,per_layer,trivia_qa,0.4414,0.4138,-0.0563
drift_l@29,geometry,per_layer,trivia_qa,0.3056,0.3695,-0.2496
ll_entropy_w_l@32,confidence,per_layer,trivia_qa,0.3463,0.5090,-0.2711
ll_argmax_agree_final_l@2,agreement,per_layer,trivia_qa,0.5000,0.5000,
ll_kl_wb_l@17,divergence,per_layer,trivia_qa,0.3965,0.3931,-0.1039
ll_conf_w_l::early,confidence,derived,trivia_qa,0.4893,0.4952,-0.0228
ll_conf_w_l@15,confidence,per_layer,trivia_qa,0.5051,0.5012,-0.0079
ll_margin_w_l@11,confidence,per_layer,trivia_qa,0.5255,0.5187,0.0431
ll_conf_w_l@18,confidence,per_layer,trivia_qa,0.4823,0.4846,-0.0320
ll_kl_wb_l::min,divergence,derived,trivia_qa,0.5000,0.5000,
drift_l@0,geometry,per_layer,trivia_qa,0.5000,0.5000,
ll_argmax_agree_final_l@1,agreement,per_layer,trivia_qa,0.5000,0.5000,
entropy_0,confidence,scalar,trivia_qa,0.2422,0.5455,-0.4622
ll_entropy_w_l::mean,confidence,derived,trivia_qa,0.4144,0.5007,-0.1492
ll_entropy_w_l@35,confidence,per_layer,trivia_qa,0.3442,0.4984,-0.2978
ll_entropy_w_l@17,confidence,per_layer,trivia_qa,0.4115,0.4437,-0.1037
ll_margin_w_l::slope,confidence,derived,trivia_qa,0.6285,0.4988,0.2382
ll_entropy_w_l@27,confidence,per_layer,trivia_qa,0.4430,0.4860,-0.1047
ll_margin_w_l@22,confidence,per_layer,trivia_qa,0.5158,0.5155,0.0120
ll_conf_w_l@5,confidence,per_layer,trivia_qa,0.4660,0.4831,-0.0195
ll_entropy_w_l@10,confidence,per_layer,trivia_qa,0.4577,0.4665,-0.0461
delta_mean,geometry,scalar,trivia_qa,0.5346,0.5440,0.0498
ll_argmax_agree_final_l@7,agreement,per_layer,trivia_qa,0.5000,0.5000,
ll_argmax_agree_final_l@18,agreement,per_layer,trivia_qa,0.5013,0.5005,0.0262
drift_l@16,geometry,per_layer,trivia_qa,0.4020,0.3913,-0.0878
first_tok_agree,agreement,scalar,trivia_qa,0.5840,0.6528,0.1479
span_entropy_min,confidence,scalar,trivia_qa,0.6434,0.5906,0.1386
ll_argmax_agree_final_l::mean,agreement,derived,trivia_qa,0.4102,0.4499,-0.0832
ll_margin_w_l::late,confidence,derived,trivia_qa,0.6272,0.4962,0.2382
ll_argmax_agree_final_l@5,agreement,per_layer,trivia_qa,0.5000,0.5000,
ll_conf_w_l@17,confidence,per_layer,trivia_qa,0.6220,0.5764,0.1474
ll_kl_wb_l@21,divergence,per_layer,trivia_qa,0.3704,0.3886,-0.1299
ll_argmax_agree_final_l@25,agreement,per_layer,trivia_qa,0.4597,0.4714,-0.0848
drift_l@35,geometry,per_layer,trivia_qa,0.3494,0.3830,-0.2090
ll_argmax_agree_final_l::early,agreement,derived,trivia_qa,0.5000,0.5000,
ll_margin_w_l@16,confidence,per_layer,trivia_qa,0.6098,0.5962,0.1180
ll_argmax_agree_final_l@0,agreement,per_layer,trivia_qa,0.5000,0.5000,
ll_conf_w_l::mean,confidence,derived,trivia_qa,0.6232,0.4979,0.2289
ll_conf_w_l@35,confidence,per_layer,trivia_qa,0.6150,0.5081,0.2243
ll_conf_w_l@25,confidence,per_layer,trivia_qa,0.5361,0.5157,0.0583
ll_conf_w_l::max,confidence,derived,trivia_qa,0.6614,0.5107,0.2646
perplexity,confidence,scalar,trivia_qa,0.5420,0.5447,-0.0233
ll_conf_w_l@16,confidence,per_layer,trivia_qa,0.6132,0.6033,0.1186
ll_conf_w_l@21,confidence,per_layer,trivia_qa,0.5256,0.5280,0.0085
drift_l@21,geometry,per_layer,trivia_qa,0.3674,0.3779,-0.1348
ll_kl_wb_l@5,divergence,per_layer,trivia_qa,0.5535,0.5383,0.0788
ll_kl_wb_l@33,divergence,per_layer,trivia_qa,0.2477,0.4038,-0.3697
ll_argmax_agree_final_l@30,agreement,per_layer,trivia_qa,0.4679,0.4819,-0.1066
ll_margin_w_l@25,confidence,per_layer,trivia_qa,0.5263,0.5108,0.0541
ll_kl_wb_l@23,divergence,per_layer,trivia_qa,0.3804,0.3996,-0.1486
ll_kl_wb_l@24,divergence,per_layer,trivia_qa,0.4295,0.4305,-0.0698
drift_l::mid,geometry,derived,trivia_qa,0.3821,0.3874,-0.1166
ll_argmax_agree_final_l@17,agreement,per_layer,trivia_qa,0.5000,0.5000,
drift_l@23,geometry,per_layer,trivia_qa,0.3551,0.3765,-0.1586
ll_conf_w_l@33,confidence,per_layer,trivia_qa,0.6369,0.4811,0.2413
ll_kl_wb_l@28,divergence,per_layer,trivia_qa,0.3031,0.4037,-0.2590
ll_entropy_w_l@21,confidence,per_layer,trivia_qa,0.5028,0.4917,0.0217
ll_entropy_w_l@3,confidence,per_layer,trivia_qa,0.5250,0.5079,0.0583
ll_argmax_agree_final_l::late,agreement,derived,trivia_qa,0.4196,0.4553,-0.0744
ll_kl_wb_l@29,divergence,per_layer,trivia_qa,0.2883,0.4035,-0.2806
ll_conf_w_l@24,confidence,per_layer,trivia_qa,0.3831,0.4784,-0.1635
ll_kl_wb_l@20,divergence,per_layer,trivia_qa,0.3836,0.3929,-0.1175
ll_conf_w_l@11,confidence,per_layer,trivia_qa,0.5138,0.5266,0.0109
ll_entropy_w_l@2,confidence,per_layer,trivia_qa,0.4982,0.4884,0.0013
ll_conf_w_l@27,confidence,per_layer,trivia_qa,0.5267,0.5096,0.0523
ll_conf_w_l@28,confidence,per_layer,trivia_qa,0.5262,0.4810,0.0678
ll_argmax_agree_final_l::mid,agreement,derived,trivia_qa,0.4590,0.4839,-0.0694
ll_kl_wb_l@18,divergence,per_layer,trivia_qa,0.3909,0.3936,-0.1137
ll_margin_w_l@19,confidence,per_layer,trivia_qa,0.4626,0.4688,-0.0379
ll_argmax_agree_final_l@29,agreement,per_layer,trivia_qa,0.4327,0.4745,-0.1591
q_chunk_max_cos,geometry,scalar,trivia_qa,0.4958,0.5218,-0.0490
drift_l@5,geometry,per_layer,trivia_qa,0.5555,0.5397,0.0844
ll_kl_wb_l@4,divergence,per_layer,trivia_qa,0.5734,0.5588,0.0978
drift_l::slope,geometry,derived,trivia_qa,0.3346,0.3900,-0.2318
ll_entropy_w_l::min,confidence,derived,trivia_qa,0.3189,0.4895,-0.2957
drift_mem,geometry,scalar,trivia_qa,0.5336,0.5344,0.0525
q_chunk_mean_cos,geometry,scalar,trivia_qa,0.5157,0.5151,0.0189
ll_entropy_w_l::slope,confidence,derived,trivia_qa,0.3498,0.5075,-0.2699
ll_kl_wb_l::mean,divergence,derived,trivia_qa,0.3175,0.3808,-0.2330
span_conf_mean,confidence,scalar,trivia_qa,0.5748,0.5145,0.1768
ll_entropy_w_l::mid,confidence,derived,trivia_qa,0.5644,0.5079,0.1107
ll_entropy_w_l@0,confidence,per_layer,trivia_qa,0.5000,0.5000,
ll_argmax_agree_final_l::min,agreement,derived,trivia_qa,0.5000,0.5000,
ll_kl_wb_l::mid,divergence,derived,trivia_qa,0.3863,0.3896,-0.1161
ll_conf_w_l@7,confidence,per_layer,trivia_qa,0.5694,0.5857,0.0747
ll_conf_w_l@34,confidence,per_layer,trivia_qa,0.6321,0.5060,0.2167
ll_margin_w_l@34,confidence,per_layer,trivia_qa,0.5991,0.5115,0.1647
drift_l@17,geometry,per_layer,trivia_qa,0.3907,0.3893,-0.1050
ll_conf_w_l::min,confidence,derived,trivia_qa,0.5033,0.5048,-0.0168
ll_argmax_agree_final_l@4,agreement,per_layer,trivia_qa,0.5000,0.5000,
margin_0,confidence,scalar,trivia_qa,0.6885,0.5020,0.3142
ll_entropy_w_l@18,confidence,per_layer,trivia_qa,0.4892,0.4925,0.0073
drift_l@9,geometry,per_layer,trivia_qa,0.4996,0.4871,0.0248
ll_conf_w_l@32,confidence,per_layer,trivia_qa,0.6248,0.4900,0.2257
mem_influence_argmax_change,agreement,scalar,trivia_qa,0.4157,0.3438,-0.1430
ll_argmax_agree_final_l@15,agreement,per_layer,trivia_qa,0.5000,0.5000,
ll_kl_wb_l@26,divergence,per_layer,trivia_qa,0.3805,0.4236,-0.1569
ll_margin_w_l@31,confidence,per_layer,trivia_qa,0.6083,0.5051,0.1847
ll_entropy_w_l@7,confidence,per_layer,trivia_qa,0.4063,0.4004,-0.1039
ll_margin_w_l@4,confidence,per_layer,trivia_qa,0.4260,0.4183,-0.0934
ll_conf_w_l@9,confidence,per_layer,trivia_qa,0.5499,0.5410,0.0557
drift_l::late,geometry,derived,trivia_qa,0.3024,0.3641,-0.2590
ll_kl_wb_l@30,divergence,per_layer,trivia_qa,0.2938,0.4131,-0.2952
ll_argmax_agree_final_l@3,agreement,per_layer,trivia_qa,0.5000,0.5000,
ll_entropy_w_l@4,confidence,per_layer,trivia_qa,0.5728,0.5579,0.1006
ll_margin_w_l@30,confidence,per_layer,trivia_qa,0.5958,0.5182,0.1662
ll_kl_wb_l@35,divergence,per_layer,trivia_qa,0.2735,0.3547,-0.3297
ll_margin_w_l::min,confidence,derived,trivia_qa,0.4817,0.4941,-0.0346
ll_entropy_w_l@22,confidence,per_layer,trivia_qa,0.5264,0.5052,0.0543
drift_l@18,geometry,per_layer,trivia_qa,0.3919,0.3872,-0.1015
ll_kl_wb_l@16,divergence,per_layer,trivia_qa,0.4109,0.4016,-0.0750
ll_margin_w_l::early,confidence,derived,trivia_qa,0.4892,0.4844,-0.0122
js_w0,divergence,scalar,trivia_qa,0.3009,0.3317,-0.3128
ll_conf_w_l@26,confidence,per_layer,trivia_qa,0.4537,0.5093,-0.0813
ll_margin_w_l@32,confidence,per_layer,trivia_qa,0.6041,0.4882,0.1904
ll_kl_wb_l::slope,divergence,derived,trivia_qa,0.2774,0.3778,-0.3109
drift_l::early,geometry,derived,trivia_qa,0.5213,0.5053,0.0495
ll_conf_w_l@8,confidence,per_layer,trivia_qa,0.5679,0.5893,0.0651
ll_conf_w_l@36,confidence,per_layer,trivia_qa,0.5997,0.5267,0.1584
delta_trend,geometry,scalar,trivia_qa,0.5080,0.5204,0.0123
ll_entropy_w_l@36,confidence,per_layer,trivia_qa,0.3743,0.4570,-0.1899
drift_l@8,geometry,per_layer,trivia_qa,0.5175,0.5023,0.0454
ll_argmax_agree_final_l@12,agreement,per_layer,trivia_qa,0.5000,0.5000,
ll_kl_wb_l@14,divergence,per_layer,trivia_qa,0.4502,0.4369,-0.0311
margin_w,confidence,scalar,trivia_qa,0.6105,0.5556,0.2023
drift_l@36,geometry,per_layer,trivia_qa,0.3366,0.3914,-0.2168
ll_entropy_w_l@11,confidence,per_layer,trivia_qa,0.4934,0.4901,0.0003
ll_entropy_w_l::early,confidence,derived,trivia_qa,0.4846,0.4780,-0.0058
slot_active_frac,geometry,scalar,trivia_qa,0.5573,0.5626,0.0678
drift_l@22,geometry,per_layer,trivia_qa,0.3625,0.3754,-0.1420
ll_conf_w_l@2,confidence,per_layer,trivia_qa,0.4971,0.5054,0.0005
slot_norm_std,geometry,scalar,trivia_qa,0.4681,0.4821,-0.0336
drift_l@26,geometry,per_layer,trivia_qa,0.3263,0.3821,-0.2192
ll_conf_w_l@1,confidence,per_layer,trivia_qa,0.5163,0.5350,0.0005
ll_kl_wb_l::late,divergence,derived,trivia_qa,0.2471,0.3669,-0.3475
slot_norm_mean,geometry,scalar,trivia_qa,0.5338,0.5344,0.0527
ll_argmax_agree_final_l::max,agreement,derived,trivia_qa,0.4868,0.4628,0.0177
conf_w,confidence,scalar,trivia_qa,0.6371,0.5586,0.2526
drift_l@12,geometry,per_layer,trivia_qa,0.4408,0.4238,-0.0397
ll_entropy_w_l::max,confidence,derived,trivia_qa,0.5120,0.4887,0.0432
ll_kl_wb_l@32,divergence,per_layer,trivia_qa,0.2775,0.4034,-0.3289
ll_entropy_w_l@30,confidence,per_layer,trivia_qa,0.3478,0.4815,-0.2550
drift_l@33,geometry,per_layer,trivia_qa,0.3116,0.3659,-0.2497
ll_conf_w_l@14,confidence,per_layer,trivia_qa,0.4762,0.4801,-0.0310
ll_entropy_w_l@20,confidence,per_layer,trivia_qa,0.4941,0.4822,0.0186
top5_mass_w,confidence,scalar,trivia_qa,0.7571,0.5694,0.4273
drift_l@24,geometry,per_layer,trivia_qa,0.3396,0.3756,-0.1870
ll_entropy_w_l@24,confidence,per_layer,trivia_qa,0.6365,0.5328,0.1938
drift_l::max,geometry,derived,trivia_qa,0.3815,0.4142,-0.1463
ll_margin_w_l@8,confidence,per_layer,trivia_qa,0.5610,0.5822,0.0609
ll_conf_w_l@3,confidence,per_layer,trivia_qa,0.4518,0.4744,-0.0718
ll_argmax_agree_final_l::slope,agreement,derived,trivia_qa,0.4196,0.4553,-0.0744
ll_margin_w_l@21,confidence,per_layer,trivia_qa,0.5373,0.5358,0.0332
ll_margin_w_l@29,confidence,per_layer,trivia_qa,0.5349,0.4842,0.0788
ll_argmax_agree_final_l@24,agreement,per_layer,trivia_qa,0.4698,0.4912,-0.0470
ll_kl_wb_l@8,divergence,per_layer,trivia_qa,0.5025,0.5017,0.0202
q_chunk_spread,geometry,scalar,trivia_qa,0.4707,0.4921,-0.0496
ll_kl_wb_l@31,divergence,per_layer,trivia_qa,0.3019,0.4003,-0.2874
ll_argmax_agree_final_l@27,agreement,per_layer,trivia_qa,0.4271,0.4598,-0.1433
ll_kl_wb_l@1,divergence,per_layer,trivia_qa,0.5717,0.5645,0.0908
ll_entropy_w_l@26,confidence,per_layer,trivia_qa,0.5365,0.4920,0.0697
ll_kl_wb_l@10,divergence,per_layer,trivia_qa,0.4869,0.4748,0.0070
ll_conf_w_l@23,confidence,per_layer,trivia_qa,0.4410,0.4780,-0.0725
ll_argmax_agree_final_l@28,agreement,per_layer,trivia_qa,0.4167,0.4601,-0.1564
ll_margin_w_l@36,confidence,per_layer,trivia_qa,0.5799,0.5210,0.1315
ll_entropy_w_l@19,confidence,per_layer,trivia_qa,0.5299,0.5306,0.0516
ll_entropy_w_l@28,confidence,per_layer,trivia_qa,0.4301,0.5097,-0.1284
ll_conf_w_l::mid,confidence,derived,trivia_qa,0.4633,0.5188,-0.0757
ll_margin_w_l@27,confidence,per_layer,trivia_qa,0.5133,0.5091,0.0226
drift_l@20,geometry,per_layer,trivia_qa,0.3792,0.3827,-0.1164
drift_l::mean,geometry,derived,trivia_qa,0.3828,0.4027,-0.1357
ll_conf_w_l@13,confidence,per_layer,trivia_qa,0.4696,0.4446,0.0042
ll_kl_wb_l@27,divergence,per_layer,trivia_qa,0.3285,0.3806,-0.2198
conf_0,confidence,scalar,trivia_qa,0.7159,0.4818,0.3765
drift_l@25,geometry,per_layer,trivia_qa,0.3333,0.3816,-0.2063
delta_max,geometry,scalar,trivia_qa,0.5473,0.5610,0.0649
ll_conf_w_l@0,confidence,per_layer,trivia_qa,0.5000,0.5000,
ll_entropy_w_l@12,confidence,per_layer,trivia_qa,0.5424,0.5474,0.0668
ll_entropy_w_l@34,confidence,per_layer,trivia_qa,0.3185,0.4985,-0.2998
ll_conf_w_l@31,confidence,per_layer,trivia_qa,0.6280,0.5095,0.2172
ll_margin_w_l@12,confidence,per_layer,trivia_qa,0.4773,0.4452,-0.0305
ll_kl_wb_l@3,divergence,per_layer,trivia_qa,0.5555,0.5397,0.0763
ll_kl_wb_l@9,divergence,per_layer,trivia_qa,0.4916,0.4791,0.0153
span_entropy_last,confidence,scalar,trivia_qa,0.4693,0.5219,-0.0302
ll_argmax_agree_final_l@31,agreement,per_layer,trivia_qa,0.4729,0.4889,-0.1028
ll_argmax_agree_final_l@10,agreement,per_layer,trivia_qa,0.5000,0.5000,
ll_argmax_agree_final_l@8,agreement,per_layer,trivia_qa,0.5000,0.5000,
ll_entropy_w_l@25,confidence,per_layer,trivia_qa,0.4549,0.4794,-0.0686
ll_entropy_w_l@23,confidence,per_layer,trivia_qa,0.5923,0.5235,0.1287
ll_margin_w_l@2,confidence,per_layer,trivia_qa,0.5370,0.5512,0.0559
drift_l@34,geometry,per_layer,trivia_qa,0.3149,0.3747,-0.2521
ll_entropy_w_l@33,confidence,per_layer,trivia_qa,0.3255,0.5146,-0.3101
ll_conf_w_l@29,confidence,per_layer,trivia_qa,0.5527,0.4889,0.1099
ll_margin_w_l@3,confidence,per_layer,trivia_qa,0.4441,0.4594,-0.0745
ll_margin_w_l@26,confidence,per_layer,trivia_qa,0.4637,0.5193,-0.0592
ll_kl_wb_l@6,divergence,per_layer,trivia_qa,0.5411,0.5328,0.0662
ll_kl_wb_l@12,divergence,per_layer,trivia_qa,0.4605,0.4450,-0.0296
ll_argmax_agree_final_l@14,agreement,per_layer,trivia_qa,0.5000,0.5000,
ll_kl_wb_l@25,divergence,per_layer,trivia_qa,0.3490,0.4161,-0.2101
ll_kl_wb_l@22,divergence,per_layer,trivia_qa,0.3664,0.3695,-0.1373
ll_entropy_w_l@13,confidence,per_layer,trivia_qa,0.5400,0.5549,0.0359
ll_conf_w_l@19,confidence,per_layer,trivia_qa,0.4435,0.4520,-0.0776
ll_margin_w_l@18,confidence,per_layer,trivia_qa,0.4877,0.4804,-0.0111
ll_margin_w_l@23,confidence,per_layer,trivia_qa,0.4822,0.4727,-0.0121
drift_l@19,geometry,per_layer,trivia_qa,0.3878,0.3872,-0.1044
mem_influence_kl,divergence,scalar,trivia_qa,0.3212,0.3323,-0.2795
drift_l@15,geometry,per_layer,trivia_qa,0.4162,0.4016,-0.0667
ll_entropy_w_l@31,confidence,per_layer,trivia_qa,0.3435,0.4806,-0.2637
ll_conf_w_l::late,confidence,derived,trivia_qa,0.6465,0.4973,0.2659
ll_argmax_agree_final_l@36,agreement,per_layer,trivia_qa,0.4449,0.4825,-0.0617
drift_l@13,geometry,per_layer,trivia_qa,0.4293,0.4139,-0.0554
ll_argmax_agree_final_l@23,agreement,per_layer,trivia_qa,0.4689,0.4819,-0.0823
ll_margin_w_l@14,confidence,per_layer,trivia_qa,0.4917,0.5028,-0.0219
ll_margin_w_l@1,confidence,per_layer,trivia_qa,0.4978,0.5255,-0.0269
drift_l@14,geometry,per_layer,trivia_qa,0.4273,0.4124,-0.0560
ll_entropy_w_l@5,confidence,per_layer,trivia_qa,0.4826,0.4651,0.0229
ll_argmax_agree_final_l@6,agreement,per_layer,trivia_qa,0.5000,0.5000,
kl_0w,divergence,scalar,trivia_qa,0.2833,0.3466,-0.3395
ll_argmax_agree_final_l@19,agreement,per_layer,trivia_qa,0.5020,0.4999,0.0130
drift_l@32,geometry,per_layer,trivia_qa,0.3034,0.3672,-0.2632
tv_w0,divergence,scalar,trivia_qa,0.3117,0.3332,-0.2988
ll_entropy_w_l@9,confidence,per_layer,trivia_qa,0.4197,0.4289,-0.0927
ll_kl_wb_l@11,divergence,per_layer,trivia_qa,0.4808,0.4571,0.0026
ll_margin_w_l@7,confidence,per_layer,trivia_qa,0.5461,0.5634,0.0469
entropy_w,confidence,scalar,trivia_qa,0.2943,0.4380,-0.3616
